Category,Product,Product,Sales,Sales,Region,Region
Detail,ID,Name,Q1,Q2,East,West
0,1579.0,UltraWidget,12487.547498939926,8721.028902746757,13934.136631226555,7937.922640198314
1,1506.0,NanoDevice,14009.099437807738,4486.904758874321,13854.342302985098,3531.7334025917694
2,1545.0,PowerGadget,5937.196420367312,6552.584230016983,11606.296005523458,
3,1705.0,UltraWidget,15818.367012483748,13829.184466968562,4571.717574937198,15273.009782968764
4,1324.0,UltraWidget,8455.926072718466,13587.504892533081,12963.853168775071,7156.11797530283
5,1054.0,PowerGadget,15278.021806547991,6865.112425383247,4649.088444483828,17846.742380639203
6,1777.0,UltraWidget,19728.457100528685,13961.11644457487,11657.684583279615,3583.284293604737
7,1991.0,PowerGadget,15366.588050807768,12378.287552717446,10912.839865083366,12723.935135506526
8,1041.0,UltraWidget,18247.895793854128,9915.074744038673,11865.555051825806,9392.357026606987
9,1296.0,NanoDevice,19222.977601146013,3921.3085127405993,8924.913849279605,9366.989657263832
10,1972.0,UltraWidget,12301.265725284733,12965.191710152985,10303.440369239855,9539.271610123227
11,1230.0,UltraWidget,,9353.007432275357,14393.161045645318,6435.4356713022835
12,1452.0,,17779.538803337626,12618.999587629078,3314.1517242647938,13562.780106382825
13,1889.0,UltraWidget,10349.133693115793,12261.505759010293,6015.01457216106,13656.59380692642
14,1393.0,PowerGadget,8920.959748405923,12246.565259611401,9947.64117027897,6805.394917650901
15,1521.0,NanoDevice,19198.97859167508,10830.825537506504,14532.703691709361,15430.780789391822
16,1357.0,PowerGadget,15894.552505532269,6559.858956098509,3242.4678196138148,7342.781120945147
17,1986.0,PowerGadget,8295.232000637396,7029.682706317459,2293.1398798911237,13711.452734190058
18,1443.0,UltraWidget,11736.250890141702,6738.926732118206,2724.7447801142644,4287.596373188236
19,1127.0,NanoDevice,16946.776543067142,3710.482995091929,2681.2739239955845,5031.745627738432
20,1690.0,PowerGadget,13205.944863776633,9616.973546755517,13801.606151106256,7326.412054328717
21,1404.0,UltraWidget,14749.281472488336,10837.753539683345,11376.352803139722,11664.430775618637
22,,UltraWidget,16306.523030675786,12465.592932014637,10802.382760551618,12469.97917346771
23,1192.0,PowerGadget,14330.13783213471,4971.737050518668,8793.446663403523,8583.156282692607
24,1603.0,UltraWidget,13101.189828832936,9213.923064256418,12165.384020637975,3614.290788524019
25,1880.0,PowerGadget,16244.214265816601,3584.08547707472,4023.4239059006804,8228.700572646498
26,1742.0,PowerGadget,15913.44553148301,4498.483300962659,7095.235467249686,
27,1077.0,PowerGadget,14448.086002747683,4069.223314162927,8370.055259936466,12867.529193632929
28,1084.0,NanoDevice,10396.841200728944,11117.519357162613,3435.3234697974412,4899.064046004907
29,1029.0,PowerGadget,11087.181383004074,4351.125420714833,,2521.429936195888
30,1724.0,UltraWidget,19556.57823326146,11022.756306367295,6114.523130414064,14146.513229819422
31,1048.0,NanoDevice,6685.788984372887,6121.059396311125,2462.5678953150145,4059.3433956098015
32,1776.0,UltraWidget,9027.573758792529,12715.986087317864,3777.560235480058,3684.6466458428536
33,1144.0,NanoDevice,12386.026388065035,12038.074877820049,11932.478701177133,2442.13898261295
34,1068.0,NanoDevice,17550.945292156786,13557.217283490403,2234.492823560378,9148.580684928063
35,1057.0,NanoDevice,7455.134955945918,12779.501162309334,14145.292888252694,10250.916854052704
36,1696.0,NanoDevice,9154.319271869148,13299.958900721645,3123.5202218140867,12347.559119918013
37,1573.0,UltraWidget,5986.973266928585,12516.79516338973,,7018.59591511634
38,1478.0,PowerGadget,15589.778990762277,10780.50995645598,13682.01503226512,13482.625575633767
39,1819.0,UltraWidget,8573.141532134243,5287.721097317078,14234.762603055813,5041.576975548288
40,,PowerGadget,10830.121260064258,6352.928947967975,13277.201305447643,15379.044828521419
41,1295.0,UltraWidget,11655.521705445019,5733.633144367866,5738.150512530761,11320.833930690951
42,1677.0,NanoDevice,18369.709034096835,9837.650770411157,6330.132707400201,11508.681244603957
43,1170.0,NanoDevice,11169.954354968551,8788.009348722815,7545.094081930987,5672.496454954086
44,1574.0,PowerGadget,7178.375298728735,12604.339970163446,3810.8569622923105,3556.0964890860564
45,1146.0,PowerGadget,12864.724075101814,13503.065098240295,2289.54191587391,9649.706928058473
46,1483.0,UltraWidget,19444.369919729445,7751.028840990515,13298.58098565345,12003.546449988798
47,1305.0,PowerGadget,14115.284615762166,8816.68080944853,9203.673310735932,3882.7247551222954
48,1672.0,UltraWidget,19750.80830690859,13700.92174644346,9913.398248316811,17228.3378026394
49,1652.0,PowerGadget,17616.60963408305,6400.508887043007,14050.850172631339,17694.464019631785
50,1845.0,PowerGadget,5539.486343201192,,10646.562315477004,10909.124448122873
51,1608.0,PowerGadget,14875.993930655628,5865.018974520085,10981.095556417575,17221.078822265135
52,1445.0,NanoDevice,9301.503163368256,10655.331211965355,12230.592429677648,5199.345706261307
53,1220.0,NanoDevice,13394.252834670859,6162.964090204923,3512.529848146249,2796.562688800588
54,1554.0,UltraWidget,9190.177863968398,12779.200582729562,6682.1079917792895,3014.788750530083
55,1944.0,PowerGadget,10233.056249079356,9395.518409235105,14586.703060143762,11565.194679057755
56,1803.0,UltraWidget,18847.53067631269,5452.303229181038,13998.091015307886,3361.613381614447
57,1377.0,PowerGadget,8099.64777337558,5855.876344834103,13492.978852032402,17353.311466455758
58,1619.0,NanoDevice,18111.636770387457,8685.416554935053,7877.150634406642,4614.1580878466175
59,1265.0,NanoDevice,5456.867121057452,13596.821268536227,13143.508396628475,7153.675774426467
60,1094.0,PowerGadget,6363.1480755447255,11581.242720778373,2629.146465294953,15231.277711174236
61,1261.0,PowerGadget,17820.125620763953,8627.251249671373,3930.726515342527,5812.349040423852
62,1824.0,NanoDevice,14458.34046363793,7046.051017903279,7381.580080292703,6190.307951891301
63,1896.0,NanoDevice,16208.542070593254,9267.319180158647,8284.096866867643,12420.019710339884
64,1070.0,UltraWidget,8141.265062327813,11357.788751000506,5425.59299577114,6706.942980432491
65,1953.0,NanoDevice,13056.251833851553,11731.250178754399,6634.196721021237,5792.183090520125
66,1218.0,PowerGadget,16058.288353569571,6908.392380017918,4116.089313329794,6365.172343168257
67,1532.0,UltraWidget,14409.712055153937,11072.17231624571,8358.742412306794,10054.100989715338
68,1091.0,PowerGadget,12075.481503368143,10406.782190379954,12319.962807282196,17471.15801461112
69,1126.0,UltraWidget,19396.75679656572,13570.679065961087,10597.685117596975,15382.91188835516
70,1079.0,PowerGadget,15142.36000180168,13276.448050334155,3401.2992157520366,6839.920127138762
71,1823.0,NanoDevice,18616.26200361857,11788.482918837559,8338.56084415731,8068.622052570325
72,,PowerGadget,15946.557673605219,11095.644232976747,11069.402976136424,9646.391107863607
73,1982.0,UltraWidget,16031.952928965247,6377.436691894896,8888.638855201236,17671.30249346505
74,1371.0,PowerGadget,6200.27404636519,12382.635189034598,7091.782754962136,5089.291306037165
75,1915.0,UltraWidget,10391.969327809154,7988.809888990344,10084.887476690415,7976.736414473372
76,1485.0,PowerGadget,17875.54110079488,6358.525696313469,14592.302648903582,13779.047066130353
77,1693.0,NanoDevice,8489.057932231339,7533.687958511356,3233.802826959014,17437.522254595515
78,1024.0,NanoDevice,6732.587992346993,12277.322645173332,7070.208789718289,4828.533319122107
79,1155.0,PowerGadget,9891.590849581902,5060.648763567792,7285.876089599244,5947.127285431793
80,1516.0,PowerGadget,8306.56827338921,8289.666781758135,9500.575036088823,
81,1631.0,PowerGadget,18879.32292189733,8669.75474255964,3978.2698244649328,2726.539660076347
82,1788.0,UltraWidget,18019.49963003197,3884.6118247876034,4296.359388316104,11824.203749702812
83,1529.0,PowerGadget,12495.248454243563,5555.333310255735,5709.69801797211,12862.967956675942
84,1942.0,PowerGadget,5920.15811725802,12180.79550004649,14426.310562490755,
85,1709.0,UltraWidget,15718.435191397344,12223.057580244988,11543.411556001734,3512.6386348399037
86,1056.0,NanoDevice,14351.175970043969,6570.3583807846035,10602.01292198954,3479.989961631855
87,1604.0,PowerGadget,19558.32006092744,12686.420963278226,12620.44993612541,5682.030250108335
88,1018.0,PowerGadget,13384.298604055655,11603.72086021765,3658.494095917008,6928.5944449030685
89,1383.0,NanoDevice,10045.90585104364,7888.028579851798,13171.326656408772,14670.08103219674
90,1864.0,NanoDevice,12785.325403678336,11358.266616252897,9732.825280537552,4886.48814568317
91,1192.0,UltraWidget,19688.949371067745,13594.013627545466,6359.277096966161,3087.838575801501
92,1236.0,PowerGadget,15445.436487995457,8319.182039686162,12606.118324693975,8546.20512032366
93,1386.0,PowerGadget,15079.642068905767,6003.485379011578,12433.338946532112,8895.717854213955
94,1425.0,UltraWidget,8610.22384588828,13389.073250526637,12994.211562317452,9434.154475747686
95,1276.0,NanoDevice,16154.037763409266,9839.315029914193,3501.732701390768,15299.695286820708
96,1226.0,UltraWidget,16254.077442076576,4605.2842060444655,14601.696184945089,3928.88447198669
97,1744.0,NanoDevice,9759.33475663858,9513.169566495239,14475.139999266505,13381.496485782609
98,1551.0,UltraWidget,12255.707485860697,8756.099339207136,6647.10539152264,7671.950908306536
99,1322.0,NanoDevice,9419.049994106841,12483.683387793413,2856.6222367549553,7235.690128393331
100,1152.0,UltraWidget,8880.576054864301,9072.299492516975,4171.723703094214,16947.672766941287
101,1638.0,NanoDevice,5388.441053742277,6179.940560614976,14906.800730781062,6276.1089809011755
102,1236.0,NanoDevice,9278.176169799983,10594.262670581329,9319.16826123162,12423.496631294112
103,1997.0,NanoDevice,13309.549248174122,9197.04225162359,6636.083384738677,6691.993015067036
104,1054.0,NanoDevice,5024.017813235432,5946.96859680216,5746.635020050505,10311.444569190005
105,1979.0,NanoDevice,9248.286257145011,9523.092508400532,5340.892559042319,14666.169124501936
106,1435.0,PowerGadget,18221.15498484875,12126.123567841703,10633.985945708268,16154.871366853666
107,1683.0,NanoDevice,13904.728776610413,3799.9946361021093,7452.041809755918,15483.676948602784
108,1108.0,PowerGadget,14117.942361214707,10123.935905773673,14550.33909179195,11482.019483856382
109,1865.0,NanoDevice,11050.464575395297,7170.644555736116,10889.9593983897,6281.534519276264
110,1980.0,PowerGadget,15147.082152386165,6573.050180473953,12296.579683636495,12715.240778885105
111,1183.0,PowerGadget,7848.991493455387,7622.171378791669,5805.640131581079,
112,1950.0,UltraWidget,17281.202155762876,7091.237974603808,3029.423318412136,2566.795045770622
113,1367.0,NanoDevice,6750.336799038498,12238.510620438636,8341.696885964453,9251.683970537244
114,1982.0,UltraWidget,14840.020319796638,6385.377013062955,6089.560105100954,15554.887868019523
115,1197.0,UltraWidget,10117.239887295245,11198.106742619146,4627.081145103008,10037.566501391537
116,1370.0,NanoDevice,16212.694558737152,4487.628112400182,14384.347700411197,7257.456897747809
117,1372.0,UltraWidget,13246.4682689903,13489.661911086363,7771.846786446394,16000.045227984738
118,1972.0,NanoDevice,11785.295577180743,10034.324691109794,4271.211696634213,4831.738881464969
119,1496.0,UltraWidget,7541.336031398705,10920.54505896788,4582.458484854809,5620.5456256927255
120,1598.0,NanoDevice,14552.321964265293,6629.412986991734,5649.2266520397225,13123.008924203681
121,1200.0,NanoDevice,19621.547651306195,7827.013971435203,14991.111486466265,7898.00068781457
122,1848.0,NanoDevice,17384.051373605223,5849.67305584525,5484.149506754766,13523.062637446952
123,1508.0,PowerGadget,5900.122888835177,13291.628900923351,6274.423459519898,4860.176491648073
124,1321.0,UltraWidget,10643.440675417867,8625.096694564465,10571.265663792019,6335.3977977731965
125,1274.0,PowerGadget,18883.74513785408,10119.705214408894,5821.497893333878,4843.699102472683
126,1210.0,UltraWidget,12545.656213355322,11209.856320572511,4805.455263776013,17265.40089159075
127,1503.0,UltraWidget,14931.677387122687,7396.6139565451585,4062.283426444783,8724.301789274416
128,1902.0,UltraWidget,18688.990183870857,11061.067372660982,6064.8746453612985,7660.630594599525
129,1117.0,PowerGadget,18106.920356298207,10597.921142441572,3376.903965174056,2621.553636263929
130,1702.0,UltraWidget,12527.305633107664,10909.423005676437,2242.4056233921774,4793.314238809843
131,1553.0,PowerGadget,11564.694539864031,8636.913952148436,12460.342065350804,8969.719357382992
132,1041.0,NanoDevice,10095.389277193806,7520.842514061978,3792.634251389495,3468.643564121547
133,1314.0,UltraWidget,15785.291647443368,5831.862976194393,12087.69904759815,10367.533540296983
134,1787.0,UltraWidget,9304.80199207315,12158.576704409377,12368.052226826578,9498.240840045386
135,1328.0,NanoDevice,8748.314096463502,9887.675488582625,8992.95384228016,14367.82298937189
136,1016.0,NanoDevice,10343.748419056701,8165.698059023697,6025.865458068369,12692.922141844938
137,1282.0,UltraWidget,7658.225853181881,13411.95702046142,3885.42553874855,9356.777963000952
138,1942.0,NanoDevice,15426.79723918651,4002.3075313239074,11578.466387372988,5904.706921639115
139,1257.0,PowerGadget,14243.609739959184,12426.805424653,9818.030817763218,13739.071629877779
140,1574.0,PowerGadget,12243.178011737655,13974.617225932709,10520.894934416334,13442.648813885586
141,1573.0,UltraWidget,10854.88668892332,12812.892164270106,2112.6981679867035,4791.420104040044
142,1611.0,PowerGadget,18635.93814345097,12009.584148964064,14057.721204201718,16670.12857023628
143,1018.0,PowerGadget,5436.8567748365795,7430.212930766409,2861.772436805153,3404.719809834673
144,,UltraWidget,16536.616152609487,5928.798913754082,6768.476506820074,3258.5882587263723
145,1836.0,NanoDevice,18528.64357623333,11215.93046524581,7235.251445472103,5322.6665155338615
146,1422.0,UltraWidget,11695.31869144889,6698.041346029967,2017.621818473335,16587.58844956083
147,1465.0,PowerGadget,,5348.416662627192,8462.161021560361,10511.97073497598
148,1372.0,UltraWidget,19166.955318230568,11758.521814587708,11786.516928643128,14691.87836249724
149,1757.0,UltraWidget,8184.162729282716,6781.708348485582,12702.492490492037,5954.353733993409
150,1762.0,PowerGadget,12802.022716770272,13101.638159617054,13432.160912976497,10047.462804598357
151,1966.0,PowerGadget,12120.816906923194,12326.642770600814,8340.345288099803,7989.315632532563
152,1080.0,UltraWidget,8875.88971805555,12400.223459847179,10198.270476885456,15314.126270232604
153,1550.0,PowerGadget,17278.89845559662,11601.482123586173,3033.756272854484,2752.6292540039353
154,1547.0,PowerGadget,18494.008921448538,12749.254949634733,8344.496915662749,6203.946587471244
155,1423.0,PowerGadget,,11960.342367870262,4012.6048133325585,4780.157899117108
156,1428.0,PowerGadget,7930.384412729126,9826.36931753465,6805.360529092779,15803.349004056481
157,1387.0,PowerGadget,6301.229532520723,6606.138545109562,6280.969067239791,9693.684055222746
158,1997.0,PowerGadget,14081.667279580135,12826.196528748562,7506.027504139606,8705.832684734172
159,1920.0,NanoDevice,5856.4214076482585,12326.338039118515,9431.276033663722,9411.931088776844
160,1708.0,UltraWidget,15092.388328371264,8465.232883210723,13737.396411818947,17562.02299095643
161,1669.0,PowerGadget,12956.36330490864,3910.326203020529,7128.300207517569,15664.171351640416
162,1203.0,UltraWidget,14941.785991154953,10204.70913772009,14754.705544250159,13419.352840864798
163,1195.0,NanoDevice,13852.56160474616,4031.266963604108,11867.364624665637,6931.4717638827715
164,1727.0,PowerGadget,11340.53854290759,13225.939599408275,8649.253608248982,4976.698792487784
165,1284.0,UltraWidget,8013.1577021034245,13597.128194565723,10372.343682455274,16774.36461278147
166,1968.0,PowerGadget,9585.532037157329,5489.646531945844,3328.9142247152786,8999.978155625133
167,1195.0,PowerGadget,12867.508613284646,10602.088469576554,12978.779907077513,6748.590471710615
168,1306.0,PowerGadget,14778.021404714089,4468.824547909009,9570.646915831556,9746.364892115113
169,1663.0,PowerGadget,16692.245253267927,11159.927750017781,14818.877242724822,16718.41979599749
170,1013.0,PowerGadget,16507.56077673591,7146.520494603082,10273.573668787038,8438.250088904173
171,1836.0,PowerGadget,19590.33114891628,10651.026173169674,12843.450582462227,11177.199557070353
172,1145.0,PowerGadget,9287.62172995114,7415.203346622867,12396.915656338117,14926.274297293641
173,1937.0,NanoDevice,6066.660623201552,5028.458853248975,6490.994969087495,9063.267484354903
174,1056.0,NanoDevice,10184.85403312789,7764.154795276856,5374.938128031752,
175,1722.0,PowerGadget,16149.41712836115,4683.072029665295,7596.41658460963,17914.60167477532
176,1779.0,PowerGadget,11571.674765499429,9557.27438725793,8074.137477314883,17322.50537625369
177,1209.0,NanoDevice,17266.826458841293,3929.9910875695377,5121.10112517637,15558.275038358017
178,1528.0,NanoDevice,13239.895477790224,9036.856635798526,13629.772353562634,13138.63251842039
179,1797.0,NanoDevice,18946.875839457545,12806.870794503178,,6999.903797887272
180,1343.0,PowerGadget,19217.951629986033,12297.66933625331,14719.777097996404,16649.2418353589
181,1714.0,UltraWidget,6039.567590281231,12769.207846078216,12530.231114601424,6698.684053891168
182,1610.0,UltraWidget,11846.201595686365,13181.512422334627,9224.163185095298,14892.628116958587
183,1278.0,UltraWidget,14145.33591874352,4597.542822694789,14311.52361587667,16724.827419884376
184,1208.0,UltraWidget,8838.088112183192,4851.845630194987,8563.37259623899,11806.85991070662
185,1640.0,PowerGadget,11106.151690684703,9348.571466287849,13532.384662742716,14927.676999102388
186,1334.0,UltraWidget,15165.223116765474,12886.713018456505,6655.8821555454715,14750.443547547247
187,1287.0,NanoDevice,8401.013403475421,13730.66929350232,6922.350984253223,5413.260917487286
188,1251.0,NanoDevice,14029.720294616787,3985.7501320699994,7435.6988786221045,12819.621788098919
189,1264.0,UltraWidget,15461.717422464591,7235.627884106931,9106.1333972622,3858.099815709319
190,1270.0,NanoDevice,6357.444666438001,5735.389673929932,9195.373512584712,10322.46223294471
191,1923.0,PowerGadget,12462.939740411792,11437.641413778105,8453.185981802095,4930.8745509930095
192,1919.0,UltraWidget,8946.200448862863,10222.035619638835,5978.012656581177,8895.052181224335
193,1699.0,UltraWidget,15865.79533997067,4758.824330580376,14053.684042280804,15394.520365295626
194,1418.0,PowerGadget,7843.332628054108,8576.981707332201,9651.619265540307,17799.81829823119
195,1725.0,NanoDevice,,10697.125484898559,7300.609810490734,7360.173373890037
196,1794.0,PowerGadget,11464.120047774904,11679.556636202396,10465.300489667037,10698.508901017556
197,1210.0,PowerGadget,7970.045454613302,3710.553452732089,11983.567851527467,10376.24918017962
198,1364.0,NanoDevice,11570.32694525494,12849.930526830844,14489.46514696716,17288.66355336463
199,1075.0,PowerGadget,11131.156442127918,9477.454520980507,8494.139109478574,9865.906225951267
200,1659.0,NanoDevice,11433.784392405654,17178.63672439857,3457.2806345598647,13306.056804235284
201,1320.0,NanoDevice,13783.419402461703,17119.07045021425,7729.955418675037,16779.912036493006
202,1724.0,PowerGadget,12817.605873703062,7847.789904064537,8226.61729889513,8224.705528774704
203,1432.0,,7246.65697521354,6652.581803804496,13660.92301641376,16473.106916628047
204,1108.0,PowerGadget,5983.686089699545,15819.3090346074,7132.40999001839,16712.31706149981
205,1640.0,NanoDevice,15941.231730898107,7346.403782324286,14393.2154435328,16918.335061887235
206,1521.0,UltraWidget,13395.761538924702,17749.062371070857,8306.714800286352,6618.960493354251
207,1046.0,NanoDevice,10385.011521188957,15892.842257931577,14659.146512726076,8645.547270611352
208,1378.0,NanoDevice,17125.367337471107,17627.38046547894,2106.5781747025085,15978.176168320948
209,1826.0,PowerGadget,10820.877113914354,9485.190194140192,13684.599872482506,8002.9244587745325
210,1095.0,NanoDevice,16939.476344009112,9748.970906158534,14104.565875263559,11763.94731376268
211,1957.0,UltraWidget,9586.34191268562,15068.323345194765,14493.272164947773,4241.65031325681
212,1102.0,UltraWidget,6092.679463177996,5471.689325884213,2169.994944269993,3277.889814535356
213,1891.0,NanoDevice,18989.59540699894,15897.45119506134,4232.110875154017,8827.106236077892
214,1853.0,NanoDevice,10918.266939220597,17536.746062819017,10498.93854021207,11431.097908446392
215,1145.0,UltraWidget,16890.388592740666,11227.45379906156,2331.144992556393,8526.106168399485
216,1879.0,PowerGadget,9187.161998334566,16473.18245132703,2826.9169502945097,11412.678014509134
217,1941.0,UltraWidget,14695.47668185484,7619.163754733929,4874.0253580147455,10435.316268279847
218,1927.0,UltraWidget,18099.663098865924,9833.90590729227,8661.716993670496,13097.032776862783
219,1026.0,NanoDevice,5624.660335099705,19614.574446657163,9096.733270468498,12532.70592462008
220,1731.0,NanoDevice,17459.53647029134,19794.922603401894,2445.3945963155566,9018.23297002265
221,1529.0,UltraWidget,13569.99507457893,12689.07579532382,4214.774260159905,9029.925750549866
222,1678.0,,14112.076308628539,19014.046871958155,8496.173753350518,4596.142104190819
223,1944.0,UltraWidget,12847.37001208974,12840.960170852819,9721.228072264268,10406.521724704762
224,1988.0,UltraWidget,18117.126549254637,9373.821922417359,3929.2220543207995,11559.994398916868
225,1081.0,PowerGadget,5651.500358534562,9003.489321481578,7184.938355310618,9833.23459871969
226,1427.0,UltraWidget,8915.425873037722,18942.58558052223,13757.218674720381,7481.0344273571845
227,1583.0,UltraWidget,18136.438082887333,7586.695834607886,14985.690731600236,13657.71729032708
228,1821.0,NanoDevice,16285.18553797934,13694.486873027274,14833.787912804835,3564.721656465495
229,1478.0,PowerGadget,5264.677402679088,13332.876020940794,13461.768633729342,16665.269768163136
230,1765.0,NanoDevice,12755.09424814563,16094.325269794925,7130.581143349295,2722.037656914375
231,1161.0,NanoDevice,12943.590210690123,12488.643612871621,10925.465796972194,17412.662081637132
232,1838.0,PowerGadget,11013.232026918657,9084.284910622013,7415.698961194583,9612.747374580735
233,1931.0,PowerGadget,9460.899980929846,7540.947494473678,10430.851348714637,8837.651126455241
234,1401.0,UltraWidget,15225.872756185132,14312.282052588376,6022.622122603282,6400.526672425734
235,1507.0,NanoDevice,8116.856970571307,15784.861352798496,9880.629296934316,
236,1037.0,PowerGadget,16984.228431075593,13542.81918023049,8808.860455187049,6686.728124980076
237,1954.0,NanoDevice,17045.557411512076,16075.269156817922,2318.2434555715995,4106.638837181209
238,1510.0,NanoDevice,11228.921563592308,7122.818036749402,12279.137748699479,12693.205146016957
239,1392.0,PowerGadget,9253.220163644713,18237.052924147032,2154.671819187023,7377.569568203329
240,1712.0,UltraWidget,9258.172723860698,13735.932626127546,5811.027249292923,14367.99752309712
241,1493.0,NanoDevice,12234.369859943152,6902.658903388958,2077.012850902031,5627.8925225994235
242,1199.0,PowerGadget,15793.688371240381,11928.878063086026,6890.618372837576,16443.663775940906
243,1254.0,UltraWidget,10383.030364907881,17671.87606798867,2821.086866133811,10558.511635650986
244,1178.0,NanoDevice,14150.650181866273,18463.4329017974,13875.642568806135,4186.29666491611
245,1546.0,PowerGadget,10737.266908738915,8969.742574981423,7403.830837117292,8653.185676194273
246,1593.0,NanoDevice,9567.84783727075,15668.987370656796,7973.445073237331,5625.464175488281
247,1388.0,PowerGadget,5372.892738736912,6499.778712256651,6548.053069181113,5515.092648223595
248,1397.0,PowerGadget,5058.7115860308595,5503.188071182367,10157.580004622961,10299.367907374459
249,1731.0,NanoDevice,8408.115167480068,13405.98430729914,12197.30551603665,12881.515443927412
250,1157.0,NanoDevice,11096.094302014932,15422.413689921888,10425.907659636712,
251,1003.0,PowerGadget,17768.917510430903,16936.80096764753,11726.692539136659,10233.727367912994
252,1166.0,UltraWidget,16977.26364395638,10103.24357683002,13777.657625620386,17467.084890909948
253,1467.0,NanoDevice,9007.478938819848,5097.881156433305,13226.104911728573,17089.50369234455
254,1959.0,PowerGadget,8668.10664476449,12192.788556670308,,15894.975467756021
255,1408.0,,8409.831066050412,5237.803180603505,4790.293517757572,10199.645333413728
256,1411.0,UltraWidget,10088.560107933004,6379.767660061999,10290.137063545075,4598.101521532543
257,1203.0,UltraWidget,12472.98079342528,9900.335337976227,8579.080244626643,5799.309729120005
258,,UltraWidget,11580.016580473632,11557.580743402657,11323.850003135462,12503.65204230682
259,1234.0,NanoDevice,8274.097981722407,9192.041618444728,12828.111429107894,8979.377692433458
260,1717.0,PowerGadget,6956.7711491542705,13727.978997570617,11655.379463423427,4690.105455362344
261,1149.0,PowerGadget,5188.667187292931,5830.246838271428,13005.295209496708,9872.305364773243
262,1158.0,PowerGadget,7309.448579997557,7168.695653593771,2830.26285343331,2671.9165098319163
263,1278.0,UltraWidget,15580.345552911773,15428.876011331504,2411.0604970870313,13848.767786033655
264,1815.0,PowerGadget,8654.578540183744,7132.1128039687665,5360.507380094721,3547.8681940391775
265,1403.0,NanoDevice,12029.027151822647,14596.628023556337,13708.659093412169,
266,1892.0,UltraWidget,13869.51723384867,5820.269311300483,12707.57026279166,14770.960798959351
267,1677.0,UltraWidget,18302.613542474108,11110.734186787106,10875.45487133905,4469.244441481862
268,1310.0,UltraWidget,18332.826475901293,7661.142051817735,11109.862676716308,10490.763574389795
269,1067.0,UltraWidget,16186.006005220384,6644.544238027796,11446.716100356763,14553.453224007726
270,1462.0,NanoDevice,5527.354880727521,13505.491752518414,14253.83510630171,6465.881894209222
271,1087.0,PowerGadget,13626.056286281224,18925.03658008433,12818.48497999825,4941.498850825258
272,1216.0,NanoDevice,16798.752062472595,5821.805718853232,10104.075031351618,7654.378131092327
273,1000.0,,5259.320671450449,11323.313723270512,10654.300658342827,11053.307154699725
274,1134.0,NanoDevice,13245.269204848673,15613.031566181655,4778.623406794585,11374.3616797341
275,1696.0,UltraWidget,17866.462186790443,11940.317475317406,10545.144727031542,4441.670801939917
276,1350.0,UltraWidget,12111.531137634003,17097.439191578676,7520.827161439961,9538.074023713958
277,1139.0,NanoDevice,5061.593043461727,7694.679737961975,3988.5043178746682,6585.2022504160095
278,1617.0,NanoDevice,5165.200375034112,19393.91307541611,12483.236650205467,15535.57780181323
279,1132.0,PowerGadget,11249.540561206259,10777.439416588108,8633.212297440892,7291.772060198879
280,1619.0,NanoDevice,7325.130011251318,10123.544494164125,14706.525541962481,15483.790582728208
281,1177.0,NanoDevice,14966.759856398894,18119.086917547487,5661.8316081688245,9085.607956587957
282,1809.0,PowerGadget,15631.98897359231,13458.005478376499,8248.711459965998,13734.737946892672
283,1357.0,PowerGadget,7668.19693190943,12746.665128542323,7823.940910695286,10356.939565288641
284,1379.0,PowerGadget,18327.999327867274,15904.668792926464,3570.1337916235234,12102.616936443233
285,1907.0,NanoDevice,11628.617674683888,13697.513574216355,7539.498624800133,8567.561569437576
286,1870.0,PowerGadget,7142.688613878856,7437.734671356729,5738.194933472023,14384.025577796856
287,1657.0,UltraWidget,16463.77397104093,15112.964342973944,4084.166127770147,9032.95438374907
288,1449.0,UltraWidget,16849.617500251592,7002.033189231927,5668.022592469811,9536.40168673882
289,1585.0,UltraWidget,14589.432089981863,17087.86558001093,5032.271986463096,
290,1462.0,NanoDevice,17801.983298038296,19846.048965684065,11542.955903076414,15376.45624682134
291,1989.0,UltraWidget,16060.59458046007,10660.814374621645,2400.0773173690814,12686.311286182852
292,1107.0,NanoDevice,18233.086058404857,11671.338473030188,10027.015722871878,7846.902030425696
293,1121.0,NanoDevice,11508.320727282193,5696.504832242184,11888.597446306883,12856.986290112067
294,1016.0,UltraWidget,16213.956921491637,5205.997821238674,8249.404934096652,12421.854538933805
295,1195.0,PowerGadget,19996.273451435663,18821.290023144917,14110.344740102939,16923.900703723386
296,1326.0,NanoDevice,15873.967962794288,6929.360906587881,11202.44903807496,15526.096401995459
297,1317.0,UltraWidget,6712.756703556983,11686.681213392054,11723.007467048425,12500.17201051947
298,1808.0,NanoDevice,12774.780836437745,17230.31935783342,4560.135336731313,7727.51092667108
299,1478.0,PowerGadget,13810.216868645419,18339.781398924795,12104.842485907955,14561.392602235805
300,1251.0,PowerGadget,7613.160126070865,12790.965279252014,12817.231569080494,11373.249371779695
301,1502.0,UltraWidget,19443.37451267056,13475.487874639248,6696.463049277864,17770.211814374063
302,1998.0,NanoDevice,7633.696664519244,15045.259586949087,4773.719884428626,6261.095605688943
303,1118.0,NanoDevice,7663.368795698341,19420.73705215573,7005.658829647017,3642.6311185218365
304,1673.0,NanoDevice,18727.507069618325,14040.049414167577,11614.903597001783,3490.312265451984
305,1709.0,NanoDevice,11978.081496825067,13392.128891845194,7429.307076293136,12384.474058286214
306,1497.0,UltraWidget,5947.824189117743,5218.0120289898605,11576.474377922243,17052.459571019772
307,1485.0,PowerGadget,13972.812499077929,6214.245530335341,3476.3390327079896,2430.137862947481
308,1044.0,UltraWidget,14027.395229495718,13657.574399359944,12478.152236350297,13722.028332541327
309,1313.0,NanoDevice,5967.511380298427,19043.605817108048,5291.697261350646,12650.216847513948
310,1178.0,NanoDevice,19587.83743450493,18000.370225990926,5236.076840289718,13823.945398623668
311,1893.0,PowerGadget,13160.449479418634,19738.683844883068,9674.95254765019,7944.324345492435
312,1417.0,NanoDevice,13396.935832696463,12917.51056341911,2911.5345947108653,15199.744536662538
313,1555.0,UltraWidget,,16818.964076566503,2341.8704469006916,3097.4281301342467
314,1782.0,UltraWidget,14160.9766946693,17606.004972340106,5393.37264881484,14184.72516970363
315,1077.0,PowerGadget,8964.496291606323,14720.474859962926,8994.878159552696,
316,1325.0,UltraWidget,9308.620219622611,10081.248563217609,13799.013020927954,9838.669287785915
317,1689.0,UltraWidget,12670.086346941991,12049.676519866916,13003.65729199499,15233.125836292638
318,1356.0,UltraWidget,17100.287821453694,17868.756083653516,8375.80397897268,6633.200948981737
319,1415.0,UltraWidget,5747.968647412683,9478.21888973246,2481.675918015406,5289.2371816447385
320,1962.0,NanoDevice,14051.06318330369,18856.14696899973,8958.285550181019,13028.485691426993
321,1514.0,UltraWidget,17101.67213759471,8447.095121339977,11162.342799028842,10720.96030750615
322,1213.0,PowerGadget,7353.759080558408,16242.74622735171,6409.138922825439,10424.700352440479
323,1853.0,PowerGadget,5225.338129708494,14458.388515186076,3443.822942661511,6405.604442391445
324,1073.0,UltraWidget,9690.699427121872,16243.991616811434,5621.383391673573,2944.1327707924315
325,1562.0,PowerGadget,13822.155600943972,11560.213586488922,12030.655238081581,8800.198557974783
326,1578.0,UltraWidget,7074.247601071216,18989.61593830977,6566.1698196832685,4062.3278952971805
327,1508.0,PowerGadget,11391.835564587283,14487.08303617216,12555.759378914232,16533.430750127554
328,1331.0,PowerGadget,13284.822460614168,9324.437068313844,,3043.505046158996
329,1092.0,UltraWidget,13983.246421359758,14576.826059782155,4126.215499379636,9133.75332527635
330,1687.0,UltraWidget,9116.175815005627,9302.236208105467,7666.028673676907,3215.031105732915
331,1656.0,NanoDevice,11000.444539794371,9404.485876398114,7879.5686597588065,3890.484443210354
332,1518.0,UltraWidget,16675.08843601338,10993.977674313019,2209.4068411413805,12678.320003983543
333,1268.0,UltraWidget,19118.22041181028,17786.456263536784,3521.58594518224,12494.935671195874
334,1375.0,NanoDevice,17928.20496677386,12504.46811590988,4404.038244046627,2915.61424011926
335,1833.0,UltraWidget,13464.252526001479,15183.51263345311,3476.6351259227736,2417.651011885575
336,1003.0,UltraWidget,11154.392044159198,10879.516104116945,6439.83898047773,3629.56200498743
337,1137.0,NanoDevice,9994.349215571274,8954.08159710322,14540.097123021234,14302.782804306296
338,1230.0,UltraWidget,6874.348491260271,19319.60241074347,8619.892998252013,
339,1599.0,UltraWidget,6598.268708241694,14053.718706845939,10158.228310318404,2994.644624940469
340,1528.0,NanoDevice,15325.364373704866,19009.270078740774,6633.024220799366,10014.313447616105
341,1051.0,NanoDevice,8896.916242567406,8051.195032974725,6205.340901360899,13507.65797004944
342,1645.0,PowerGadget,8819.925296486701,7203.412458693991,2300.908034895109,15955.641755772578
343,1722.0,UltraWidget,19972.925817166783,17837.343606858554,8504.33752378829,16970.969254280564
344,1324.0,PowerGadget,7818.889368106931,15213.758189258771,8286.91708777166,7508.072782083439
345,1991.0,PowerGadget,7220.8963923324445,7798.67748880462,4051.7994403545995,4518.9858832469445
346,1969.0,NanoDevice,6480.278416398809,9040.395509953067,11936.212002687147,6096.04436341058
347,1904.0,UltraWidget,13697.080177501943,17009.959122879667,8404.766294043038,14508.275275827491
348,1730.0,UltraWidget,14417.95739003152,11808.02929993904,6406.921612100453,17555.153754660045
349,1716.0,NanoDevice,10478.418893853228,15058.107597591363,3909.8158172980507,9675.740430821936
350,1722.0,,13031.200032672015,9775.280332040164,9178.090750623162,7163.510131345521
351,1276.0,NanoDevice,16825.99296417369,10718.44929162315,11786.621339154526,9095.373078576536
352,1535.0,UltraWidget,17271.562524826226,19860.688379346575,5665.991584904632,7155.085056464066
353,1485.0,NanoDevice,19368.681135734725,8714.256307620777,4844.326570497393,6401.2053620316065
354,1515.0,UltraWidget,17364.019788843118,12596.84565554771,8785.1545328395,11662.511737552
355,1151.0,PowerGadget,13472.6215507614,17666.035147857983,4019.46293263022,2645.4812938272926
356,1954.0,UltraWidget,7694.8544875526895,8588.34820498787,10665.974025725704,6449.015079173816
357,1482.0,PowerGadget,6496.453365542636,11228.206350264962,9869.467163274996,12717.56041438183
358,1258.0,PowerGadget,5817.678348662888,14226.369310549824,3132.066644688572,2900.178062386158
359,1323.0,,14997.887476780756,12217.822272126537,2474.7649319578604,3697.948337539385
360,1868.0,UltraWidget,17113.043830969895,11892.533998554762,10063.752483651604,6976.979858658243
361,1167.0,PowerGadget,12630.259260261184,10437.645969831854,5825.81906185363,16093.754858300163
362,1687.0,NanoDevice,5820.7126225045995,13799.694916623876,3123.794791254181,14332.224098578621
363,1309.0,UltraWidget,13032.058618870073,14365.590468854154,11872.573164434325,2745.643418893399
364,1802.0,PowerGadget,19036.23892286826,14799.34311352044,6082.572039229373,10226.719940340472
365,1478.0,PowerGadget,13964.197863986907,6055.52161859044,7974.794145296906,6685.1249062037
366,1055.0,NanoDevice,17141.412326942223,14465.512635680734,5078.568056899,12518.872281368183
367,1619.0,UltraWidget,17002.28972587626,19298.557681718492,10155.12201865354,13656.240568457995
368,1472.0,PowerGadget,18981.936496709794,,5919.349399606673,15860.656203216806
369,1295.0,NanoDevice,16553.4314847481,15729.006237638665,14584.272495959169,9816.493298822621
370,1460.0,PowerGadget,16215.507710196343,13350.984616388267,11138.318132019785,17913.421381311116
371,1323.0,UltraWidget,,17821.10927887968,3777.3895928550555,17687.783273678906
372,1813.0,NanoDevice,5898.877329816221,18943.746418963536,7417.032915755068,16161.800901748118
373,1845.0,PowerGadget,12763.991975807116,7763.298489445389,7010.474296488422,11367.964124465905
374,1140.0,NanoDevice,6866.513119201328,11552.900548356898,8945.21243936498,8608.900425059514
375,1666.0,UltraWidget,19432.93814416987,10885.73151399082,12945.098768230293,8084.426438180644
376,1261.0,NanoDevice,9348.87143949543,11078.22684948918,9584.486197379023,2589.146101368819
377,1784.0,UltraWidget,17794.163050764397,6882.862718418139,2800.2368087999907,6287.122156980917
378,1419.0,PowerGadget,10814.36937803689,17204.23588971079,10520.404058437116,13613.408465206967
379,1743.0,UltraWidget,9847.91374786066,5536.493645224029,2107.448873296159,11816.660758331838
380,1240.0,PowerGadget,19027.37858564932,12923.399115907354,12139.48598702511,16696.186151013524
381,1354.0,PowerGadget,10449.83858129336,14928.175820670369,10666.268941346147,3180.3473638983023
382,1848.0,UltraWidget,10854.318629947047,8112.041570883158,6014.213558583618,4822.315009566357
383,1769.0,PowerGadget,6591.376694193637,18587.752881481934,5801.743459663705,14712.20311389323
384,1760.0,NanoDevice,15056.69997923764,17578.238105371896,12377.548955101973,7992.719046647207
385,1588.0,PowerGadget,9332.591217162702,12066.255942258878,12183.376995020068,4246.1872059988955
386,1179.0,UltraWidget,13784.062517592607,11167.23398510208,6579.930606897879,17944.62787956139
387,1065.0,NanoDevice,13870.275560798142,8548.5188781665,5886.3204650371445,14681.104721642061
388,1819.0,NanoDevice,15787.995433936505,15949.898369674454,9277.72225547627,8776.360173426712
389,1347.0,PowerGadget,16178.622292586619,6976.156994479462,2108.7535797938745,15244.220640359788
390,1170.0,PowerGadget,12716.78651602309,15203.566307656745,3074.6714938250498,13017.420373858791
391,1473.0,UltraWidget,9964.879214051045,17636.854791776204,3640.2046719335776,14723.6062492894
392,1533.0,NanoDevice,17561.763422521006,8427.073638755355,,15117.219490024137
393,1366.0,UltraWidget,9647.984741127271,17996.41104348134,8656.235646781097,3721.7674593289594
394,1106.0,PowerGadget,12612.636417039972,5499.847991592627,14899.144893194587,12118.377047934291
395,1438.0,NanoDevice,11018.78874805592,18691.81078079788,10483.974222715595,2505.8546264385104
396,1834.0,UltraWidget,17826.17578954532,6775.43341776947,2796.8843278399067,3077.9174422982614
397,1226.0,UltraWidget,11478.77796718743,14686.38766907049,8832.531862809143,16502.088141271117
398,1443.0,UltraWidget,10791.487832562263,8751.237033709127,8456.387761063557,10629.994053166165
399,1441.0,UltraWidget,15347.355393464562,17548.285867544204,3874.1816056346433,13880.070979548987
400,1395.0,UltraWidget,14036.61664792164,12684.505413731997,13963.540794431301,15480.615450913077
401,1727.0,NanoDevice,6608.702502437691,7028.61786869752,7729.948219779796,17213.553574007525
402,1580.0,UltraWidget,12622.532095159448,13564.873569889676,14929.268827926617,15961.904427595615
403,1083.0,NanoDevice,16032.175824998714,11118.239152954746,7460.9398382781355,9939.658599677787
404,1614.0,UltraWidget,19881.121468870344,14921.717249196518,9903.45013488692,7641.136795135979
405,1550.0,PowerGadget,14437.202509554787,18228.54927145189,3361.9129738687207,4810.094484814195
406,1012.0,PowerGadget,10554.395996619765,11140.836967751278,7904.9617094893,8645.015126801567
407,1808.0,UltraWidget,8392.273997031776,9348.210193007895,5103.9566220516535,8117.299834914149
408,1824.0,PowerGadget,18092.453512299806,5217.726417914132,12862.342381426055,11129.367534511624
409,1692.0,NanoDevice,17218.478181702543,13622.585567898122,12190.954603278018,12781.946776612529
410,1492.0,UltraWidget,8508.842311690772,11034.121511471503,12714.33999512966,17661.877432542737
411,1267.0,NanoDevice,8009.481352198602,10619.738285222431,11406.922690853367,13762.824503171425
412,1524.0,UltraWidget,15727.051652167635,7744.029819263188,12824.881907060666,12442.477106109602
413,1119.0,PowerGadget,9724.28092878139,11450.830177869115,4610.773752273972,7627.441974586143
414,1969.0,NanoDevice,9595.981975429368,19766.629303750524,7876.569095537421,
415,1352.0,PowerGadget,7284.353706014828,9466.312305083666,10994.009439297586,6894.752010133191
416,1056.0,PowerGadget,8959.632795647449,13995.566201121503,10286.102473156754,14387.787247170038
417,1039.0,UltraWidget,11412.613363889745,16647.303219735004,11312.608277363131,5602.242276539307
418,1885.0,NanoDevice,15992.575059086234,16237.367347647974,4915.358980966012,13510.135821316186
419,1335.0,PowerGadget,10044.621416206246,9931.614312388861,3279.6512175848666,11444.565544082887
420,1639.0,UltraWidget,9929.065092197641,14162.901252752756,13918.485514972093,5080.967168107252
421,1172.0,UltraWidget,9273.698788286538,18068.97027905236,9282.23464237566,6481.346978152546
422,1546.0,UltraWidget,12174.255012665646,5231.711415996169,3999.7370185963423,10142.336214389032
423,1258.0,PowerGadget,7709.550469119729,11536.015352649614,12314.6755645357,8926.64539968242
424,1887.0,UltraWidget,12284.461010481882,8364.10127362858,13894.089176180674,14545.596021729449
425,1516.0,NanoDevice,15562.633342920348,10829.484355982584,4204.325741424418,13856.712423674653
426,1729.0,NanoDevice,5446.857560489333,11239.844119628626,12626.361918498436,11363.362254179066
427,1522.0,PowerGadget,5146.690704586428,16200.064471799555,14131.925797148668,15227.485498977632
428,1893.0,NanoDevice,6126.843652317639,6407.328085931647,14198.700803848225,11177.644834675215
429,1838.0,UltraWidget,13034.90092592168,12688.758546987658,13884.034001495515,17444.47240385326
430,1116.0,PowerGadget,17816.82624778105,13462.92187698118,9103.473160681337,5788.69594675687
431,1183.0,UltraWidget,5073.2669903037795,12412.364053277066,6630.7471243003,13540.459100193582
432,1905.0,PowerGadget,19049.919568770216,15978.098795940801,2094.5465000221207,8171.128460049699
433,1873.0,PowerGadget,6594.177673558037,10756.86883860271,2791.8589493298523,6751.8726329550245
434,1115.0,UltraWidget,17629.752920873394,19174.50595460114,7574.907198866079,5214.0446250963205
435,1161.0,NanoDevice,12242.821474744202,12227.05163808412,7191.239903089634,11019.054229680083
436,1578.0,NanoDevice,14890.360809182659,13568.208644221964,4401.280824408482,5761.323150887695
437,1711.0,PowerGadget,12660.244766707736,17382.96235020124,7141.240364411538,5525.473282595131
438,1542.0,UltraWidget,12155.72337769032,9128.541588966837,4270.450850919786,17852.297719307557
439,1586.0,UltraWidget,17523.491425465872,6128.030431442037,13034.286286085928,14907.259702793868
440,1236.0,PowerGadget,16338.295693517246,15616.759675437237,,14073.118395968257
441,1838.0,NanoDevice,12251.033547845062,12245.17783322568,9781.33655205803,14787.345763770976
442,1065.0,UltraWidget,6674.538940940924,18447.563764384922,8536.959805988128,17515.196830012384
443,1069.0,NanoDevice,6731.044389716122,19740.200730836514,,11343.116344549975
444,1808.0,NanoDevice,17023.091910786134,10986.640258620937,14249.03835338516,5835.804487484625
445,,PowerGadget,12940.859320213001,11231.585243894911,8853.937717256284,15850.470395750528
446,1415.0,PowerGadget,12223.83710329044,11119.439033085897,6225.749364093599,13986.599379483805
447,1531.0,NanoDevice,15208.502620410727,9868.311645963891,4055.6454052298873,8863.2096724131
448,1440.0,UltraWidget,17882.623751213905,16725.30646649596,6400.846251448865,9787.684177764482
449,1737.0,UltraWidget,14433.097166199579,16384.936437360913,2266.6508393040635,8815.537416270357
450,1945.0,PowerGadget,16442.718535197186,12179.673058257873,6726.25601952787,16907.097699572463
451,1463.0,NanoDevice,16479.057861754354,5669.9182456834815,8909.317054958563,7759.093139373388
452,1920.0,UltraWidget,10343.921731894385,9643.389522696101,13334.261196062282,17430.35474703629
453,1395.0,UltraWidget,9111.247934614936,9384.545698322563,10935.867430071368,16600.239631561617
454,1710.0,PowerGadget,17017.461007627382,17166.308693003877,3450.5700707321384,12236.129819071504
455,1550.0,NanoDevice,10657.681876763652,6313.633601242621,3920.7022176934943,11445.219660361163
456,1656.0,UltraWidget,18550.040097840578,17085.130685640564,7565.603781638871,8173.392769091545
457,1556.0,PowerGadget,6045.3604509517945,15037.754782987146,4544.200771304242,2686.0788685661378
458,1394.0,UltraWidget,5873.262681130094,15986.621886956738,2362.047108575825,4390.921705308951
459,1325.0,UltraWidget,,11483.197813775352,12465.193441534913,14166.00864425296
460,1892.0,UltraWidget,14726.823712721523,15195.886940026374,2253.793419073924,9756.025974775377
461,1918.0,PowerGadget,10693.990346724986,14135.434170603738,12798.964867574183,4737.474893332303
462,1090.0,NanoDevice,16325.906222242742,16534.70292842944,3873.3515194285583,6517.789324457187
463,1749.0,PowerGadget,15084.90214990462,11701.547517023782,14670.81934049251,17186.255637613194
464,1069.0,NanoDevice,12968.015702293944,12092.384373444536,9850.360853740473,8127.272230840135
465,1165.0,UltraWidget,,14653.643341097302,11554.778631188641,16559.838345418793
466,1641.0,NanoDevice,17182.693809391272,6621.1624049958245,3436.2871635848433,7152.318983779796
467,1213.0,UltraWidget,17990.34786020937,11543.66672546476,13207.35295486924,10874.23347212771
468,1851.0,UltraWidget,7582.530328289737,19579.26267889708,12909.50045733,2719.442500450287
469,1600.0,PowerGadget,17757.674779656,5563.284800900684,10488.90551004233,10541.251721827799
470,1334.0,UltraWidget,18167.70966524846,9740.070842995907,8529.573239740035,12336.295365525832
471,1763.0,PowerGadget,13241.42918432774,9711.647286340562,11379.359250711743,6055.159549659975
472,1368.0,NanoDevice,14842.685543340305,14501.96178853659,2077.066799379416,11431.419948803568
473,1860.0,NanoDevice,10733.559800217372,6587.005391362099,9701.729820179971,
474,1583.0,,9226.87471263899,,13016.279754080075,13115.422822755403
475,1676.0,PowerGadget,15829.747204274672,6425.603609774291,6639.698533271813,14511.891823544809
476,1048.0,UltraWidget,17928.127235237123,6424.3047112749655,3407.7616342779183,7256.892189698897
477,1051.0,PowerGadget,14811.163294336213,15922.750357827234,7471.40424666168,11257.320520337302
478,1288.0,PowerGadget,12673.859159698237,9862.027607491946,11452.35783776059,17712.632864327672
479,1789.0,PowerGadget,7383.871502662573,19661.344215706216,3394.9157348187427,16411.04906237645
480,1625.0,NanoDevice,,5560.294046533324,4678.63128276757,17261.580678334518
481,1238.0,PowerGadget,11685.376853701197,11676.59995576991,3918.174008773099,8423.727817045714
482,1132.0,NanoDevice,5740.243455461319,6697.039065110354,12360.320822477925,14676.078451987923
483,1998.0,PowerGadget,13540.019478608376,10270.68450137163,2817.6040918823287,12070.408047461426
484,1785.0,NanoDevice,10740.937869766569,19973.33675913576,10925.62452748763,3690.6672957709607
485,1165.0,NanoDevice,16357.836795229541,18332.637676077975,6763.939969791488,15254.09407085022
486,1373.0,NanoDevice,9584.727452542753,5724.866132830954,11825.28615750893,12962.779911174888
487,1372.0,UltraWidget,,13448.837657385251,14536.984444192489,5503.110808438161
488,1804.0,PowerGadget,13065.252826326509,,3489.08889462427,3643.9214958995967
489,1477.0,UltraWidget,5070.686382833617,8143.019359251885,6087.00553387696,15457.545238113957
490,1754.0,PowerGadget,6085.840973964655,7176.583600946754,12531.63056034514,3630.8685400627364
491,1478.0,PowerGadget,9355.523187290308,18565.71701998285,5460.059018665294,3825.1202997164114
492,1831.0,UltraWidget,18233.526215311475,19532.24662225065,4796.567761598531,
493,1649.0,NanoDevice,7205.224323496679,19878.39285979463,,4502.846123343842
494,1590.0,PowerGadget,15663.414956908124,16846.42660601952,14832.070732077613,16653.24572010642
495,1681.0,NanoDevice,19600.49849228431,,9239.447671923554,9736.429405706493
496,1634.0,UltraWidget,16858.51329036733,10185.953782894969,5614.6337283334105,11278.755298211314
497,1687.0,NanoDevice,8644.18042530566,7570.974684871287,7181.357500800702,16878.454995858163
498,1299.0,,18625.478906196222,6184.7089904934755,4211.694255986917,10672.106319958239
499,1081.0,PowerGadget,6396.607347625852,15399.462028272379,11904.534625579781,7916.021876934169
500,1086.0,PowerGadget,12022.129128061037,16770.851227690375,13260.678454865583,12363.016375605814
501,1224.0,UltraWidget,18313.128615896207,17396.8047868247,14714.230191069671,7757.05256717774
502,1015.0,PowerGadget,14618.985638853046,18706.47504955698,2580.4166594308635,6140.10253282997
503,1821.0,UltraWidget,11204.668470915483,18198.943454575605,10236.333185257225,11401.982961871949
504,1357.0,NanoDevice,9392.19300105753,19996.11908387139,5263.852711107538,12420.873795969559
505,1162.0,PowerGadget,10626.49107977525,8660.96016450877,7074.627121540708,12292.310178595528
506,1609.0,,12634.126715139293,16449.614228183156,13424.865298597058,14709.7673836732
507,1667.0,PowerGadget,9785.65894809211,13796.892685621964,4946.081228769395,12226.670335374514
508,1513.0,NanoDevice,19534.517931234495,8918.676986803735,11328.287033309582,12009.13466733292
509,1349.0,PowerGadget,18996.164795992176,19728.579834304142,11560.296534497455,13147.308298570862
510,1908.0,UltraWidget,18060.07202321481,18468.47157161378,15843.542983102901,2002.4075388407566
511,1680.0,NanoDevice,11327.4475328398,6927.735026661747,13284.8012779638,6711.608345441019
512,1463.0,NanoDevice,15369.526540028433,5392.375134851298,13691.982604297817,11588.840248447486
513,1826.0,NanoDevice,18542.439605539468,15324.961434990153,9801.890710955879,9796.347144433606
514,1836.0,NanoDevice,17756.442315183922,14061.959432848027,4870.965542421902,4308.436034211029
515,1374.0,NanoDevice,11214.905210303115,19037.23436166719,8285.556129772429,5948.530158151089
516,1091.0,UltraWidget,6685.79073983391,8510.079307405547,10057.70090121903,6378.303944067388
517,1180.0,NanoDevice,6134.455457518242,6265.8192184248055,11901.395299506086,9381.765445240108
518,1742.0,PowerGadget,13655.96067838554,8888.230006579797,,12810.777853733993
519,1300.0,NanoDevice,14639.419028163975,5283.914607671952,7833.882953516582,14122.393137109837
520,1659.0,NanoDevice,17747.63906895536,5538.391267833987,5993.977430040533,11751.201367097308
521,1791.0,NanoDevice,9387.725305115466,18722.867088811392,4605.701057812668,12958.355072298527
522,1188.0,NanoDevice,7512.057358250637,10280.248737528174,12121.98902369341,8111.247459869709
523,1858.0,NanoDevice,10685.087497672992,11162.13501514521,11429.201042668537,7067.079155089737
524,1861.0,UltraWidget,10303.626854484126,5275.574818071566,12029.426260336635,7105.210917874821
525,1313.0,UltraWidget,6987.034310267822,9057.826702577699,7527.142575079967,10008.500868419442
526,1492.0,NanoDevice,15084.239787697281,17070.889756121465,5952.431862761655,3615.077172225517
527,1922.0,UltraWidget,12630.37911094064,14232.364395000788,13064.015000137233,9533.424376273397
528,1921.0,PowerGadget,15816.841341721494,16306.70901629623,13263.157749291278,10646.727182388431
529,1127.0,NanoDevice,10290.366802546021,11708.206111906777,8715.314147725821,7705.813622681105
530,1518.0,PowerGadget,9885.533173665535,9645.93832626995,10950.228412172735,14391.173298025176
531,1425.0,PowerGadget,12088.637795657834,12242.151399925555,7541.3311985139,9906.772540934478
532,1558.0,NanoDevice,18161.110180927204,9846.066026086268,12237.844961713237,4859.993139076128
533,1564.0,PowerGadget,5604.219601009705,17584.566450111022,14150.81883206456,8229.811346635712
534,1186.0,PowerGadget,17072.49225944708,9465.105733892686,12041.735865899787,10780.257682758822
535,1549.0,PowerGadget,10534.814189866347,14896.454606796256,9529.931563914053,6207.178619546226
536,1452.0,NanoDevice,17819.285386827163,7054.733334642918,8758.808820740896,3035.3408817573013
537,,NanoDevice,17033.045132537845,15302.99740602365,11385.171008953144,9584.663251241505
538,1987.0,PowerGadget,10231.418710941325,18699.495674000507,11921.295749899024,14322.31219205584
539,1737.0,NanoDevice,15408.14802982424,14128.747319598624,10189.831042400909,8305.935812321259
540,1564.0,NanoDevice,7394.491351601602,13397.830700517157,11136.674534035748,13779.418048411493
541,1910.0,PowerGadget,18444.22328245682,19416.774020324603,3581.2181596718115,12855.306648832022
542,1223.0,NanoDevice,11067.365966778641,14410.948329737696,15810.246880835273,3916.3661872417833
543,1153.0,UltraWidget,11834.384230328003,8893.256499096238,13508.054811368089,11206.20898386242
544,1559.0,NanoDevice,15586.385765554773,9385.865357716106,7547.168536807009,7661.0518259357195
545,1350.0,UltraWidget,17312.603550572763,15579.599638038908,10248.22033663691,5253.202228418179
546,1146.0,PowerGadget,8545.141149923144,16031.548908382794,2876.7407809508254,10930.19862366714
547,1904.0,NanoDevice,14920.252098154931,9552.443476835228,2789.5577401865635,11654.589342533478
548,1575.0,PowerGadget,10879.970658337228,10180.159668894954,5786.416192101067,4338.652143552905
549,1348.0,PowerGadget,10530.54386005942,19865.847631086304,12062.733485814113,13887.780866730709
550,1181.0,PowerGadget,15350.38735910982,6529.288243704162,14385.71279354017,11764.914171368733
551,1636.0,PowerGadget,10807.749112339015,11069.67542660149,10196.358083711833,14133.881488845593
552,1178.0,PowerGadget,10191.627502466115,5936.712967962612,9809.49817602764,6121.951843927983
553,1038.0,NanoDevice,17538.32612189364,17316.175429973613,7953.026333217964,14211.355204658828
554,1771.0,UltraWidget,6519.141857465096,6385.1875841814835,4510.850770199703,6790.729551898951
555,1893.0,NanoDevice,15138.38934245316,15110.110346940668,3892.463648970202,2701.6068985560923
556,1002.0,NanoDevice,8730.88090685937,5847.251360052231,13077.720585459816,11918.602053217302
557,1063.0,NanoDevice,5232.473627392855,15092.825567145366,15463.300783541032,11145.605873148432
558,1028.0,NanoDevice,7501.46403309038,17645.554203915548,8753.449994323706,9772.842899423322
559,1371.0,UltraWidget,14099.922946638017,10982.32290386086,11630.072919633629,8368.618676994261
560,1522.0,NanoDevice,15636.90787228906,12831.897401482653,15276.74440759746,2418.148514194208
561,1096.0,PowerGadget,5315.866753344801,11023.126070079237,3488.624950958267,
562,1869.0,NanoDevice,5546.3816495258025,9507.331379489584,13217.884779602127,7418.849997896317
563,1441.0,NanoDevice,18538.1317226443,17048.951009406923,11020.481446570726,9282.722235632285
564,1202.0,UltraWidget,6099.587271705797,9080.038605964844,10760.511657267018,7581.177445579271
565,1410.0,UltraWidget,18412.73237924857,15844.151365841706,6383.328127286449,14558.729725947587
566,1992.0,PowerGadget,8422.488706263586,8092.956188828033,,9853.415714961013
567,1020.0,NanoDevice,16100.267002373192,8747.806941174944,13565.607893937105,11740.072297832074
568,1550.0,NanoDevice,9645.99873419018,10046.917438658184,3813.8717586948696,14172.510317124083
569,1734.0,NanoDevice,17881.280384137757,13837.345660906823,9829.35646302807,9690.791197917617
570,1101.0,PowerGadget,15506.822981365369,11816.334787393116,3648.0920881199586,2156.8127316912096
571,1045.0,UltraWidget,11027.201879025426,16177.172147417306,14677.808475956319,
572,1065.0,PowerGadget,6144.536812611193,8203.509505042884,9459.205133985768,11130.399643324203
573,1602.0,NanoDevice,15990.502758062106,5160.084317732511,13753.909356428832,5628.1067699666855
574,1163.0,UltraWidget,14253.271339477724,16648.3620767783,,9531.936455523333
575,1970.0,UltraWidget,5043.675767506831,17324.740008201086,3988.6186434734536,4629.6033541786965
576,1110.0,PowerGadget,5141.297839586679,5892.202446625844,,5513.235375802284
577,1337.0,UltraWidget,17131.89459789041,14163.612832375948,6225.58757704497,8560.333727324978
578,1122.0,UltraWidget,8890.996082027808,10673.101758096169,5692.541915206324,14682.403023629067
579,1704.0,NanoDevice,14542.005015920986,16908.43482791775,10213.033228485454,10011.516359719491
580,1446.0,NanoDevice,11813.216296478713,18116.218312947178,2510.865384311015,14169.925358669301
581,1610.0,UltraWidget,17951.45021782651,17765.056501958737,9644.15878347818,14471.938107030317
582,1290.0,UltraWidget,18754.41669653733,16658.06371026278,7802.335910771645,4705.429953466597
583,1670.0,PowerGadget,19952.11569018281,9035.783431132444,10452.848459776524,6045.516832096278
584,1411.0,PowerGadget,7305.262037108702,17178.34465352475,12244.570652550216,12009.899655843154
585,1614.0,,17944.460697132134,13002.17713859439,11267.5148146417,13267.932029787471
586,1896.0,NanoDevice,8990.320650932026,5791.349222481363,16280.41448203914,8749.94767446386
587,1280.0,UltraWidget,13862.238123432615,11854.082748473735,4177.1944174392565,14911.93887464714
588,1042.0,UltraWidget,12586.592508038164,19132.368755449897,8345.239227695834,2150.4385838185135
589,1485.0,NanoDevice,5269.821973585815,18317.89024603329,8275.079533999351,5894.7045226078035
590,1595.0,NanoDevice,18991.569198591424,6533.964214956741,8163.860812951766,10101.102798679538
591,1962.0,PowerGadget,6174.905827238277,16161.900285715554,11692.317006210158,8100.768842187277
592,1702.0,PowerGadget,15323.283791116037,17086.89298937352,9204.541265818134,3515.83856357441
593,1050.0,PowerGadget,16775.102543123932,9070.822823551473,9599.285605325373,6781.232111247326
594,1897.0,PowerGadget,16929.317735715264,12074.128561116384,8382.690687698736,2330.8128628355075
595,1209.0,NanoDevice,7032.417783932672,15664.819121955245,16381.302292565446,10355.698598978632
596,1125.0,UltraWidget,11713.549257619581,11585.62233231722,15464.127288112304,13605.653058952617
597,1491.0,PowerGadget,17441.433056509697,6691.953782998654,6600.455907910505,13503.363609184966
598,1508.0,PowerGadget,9540.18815568132,15588.236670225824,3795.7931241633405,11094.078158952105
599,1959.0,NanoDevice,12016.230130619953,18674.58034602955,14208.635553752023,8055.012541473058
600,1969.0,NanoDevice,9091.908390497687,14787.270926092364,16459.53459538786,8656.411042989366
601,1580.0,UltraWidget,11953.271268279863,16607.011228535506,6384.307184766931,3779.944711943618
602,1776.0,UltraWidget,18317.568838893203,10375.438034867428,7316.324439537258,6433.222210549639
603,1257.0,NanoDevice,11826.86346549154,7747.973676899523,15665.354495238404,4440.464981477557
604,1929.0,PowerGadget,13338.680256114805,14641.604924274388,12369.152107444186,12675.60264354941
605,,PowerGadget,11059.644249546254,9916.568087618283,6427.628144448798,13891.800717393477
606,1229.0,PowerGadget,11901.757748049884,17901.10278484689,10508.964825359984,8980.002398461522
607,1188.0,UltraWidget,5227.612985696325,6839.420749670098,15702.482984908864,11460.932526668274
608,1414.0,PowerGadget,9256.182649406841,11501.955495996855,13808.927429324634,3579.0420217926576
609,1009.0,PowerGadget,11548.725826127367,,12808.207806319833,9910.950362604099
610,1113.0,NanoDevice,14506.954639890933,19070.807803308948,12739.047257696422,11136.283277911998
611,1075.0,PowerGadget,11750.778958308383,7297.022009066059,4745.690637379466,7885.98568364821
612,1675.0,NanoDevice,10067.25564982346,5147.702375180164,13992.941720959492,5162.550098119082
613,,PowerGadget,10821.481030162358,8571.278192106764,6148.496443941452,13405.868767038088
614,1084.0,UltraWidget,8634.399938006998,17304.152896529817,15504.243207991874,11657.813359398391
615,1048.0,PowerGadget,18867.414241610793,8139.8272407052555,7414.351871497097,13698.144664039535
616,1494.0,PowerGadget,12826.148386863719,8613.17095558224,14464.543677704269,12639.234417471705
617,1837.0,NanoDevice,5201.141808081847,6948.4820680521625,6007.1389716045605,14874.867584525213
618,1688.0,NanoDevice,5291.6938762931995,15731.543049148107,9557.735193126038,4498.245531787836
619,1386.0,NanoDevice,19594.42452428062,6037.612857581258,3728.4597254935666,3127.720981451663
620,1969.0,PowerGadget,8321.763370598675,9968.124534927825,11639.70031284529,6381.036287384361
621,1388.0,PowerGadget,17084.12433221472,9237.480899314469,14155.933634885789,3677.0542753023656
622,1217.0,UltraWidget,5874.129523408617,13327.395946852323,12473.79612262455,8800.691467780916
623,1700.0,PowerGadget,18817.441050418238,15956.243975296033,9682.5967350228,10229.375770300652
624,1980.0,UltraWidget,18116.255055000176,,2845.1570640008713,9517.751997254247
625,1345.0,NanoDevice,13566.39743651772,18965.389894626016,15548.206402543276,5370.121760073512
626,1229.0,NanoDevice,5134.979859248837,19271.63958330998,12288.500544674476,13814.71240259436
627,1254.0,NanoDevice,8867.163110350064,10421.979927477732,12865.858608624261,2275.2407285599197
628,1235.0,UltraWidget,11102.339710976976,16665.20564412339,13563.932229804544,6524.173598925408
629,1025.0,PowerGadget,11900.961751213426,16082.020749022846,12892.730990764834,11346.902180174793
630,1583.0,NanoDevice,9465.18137843558,18394.46887557241,8507.961146606172,11970.076042539073
631,1260.0,PowerGadget,5494.21802368295,11719.154603115549,12690.792158817641,7409.541077614179
632,1765.0,PowerGadget,13851.911088898132,12957.097807966884,11137.883065687705,2219.827572332772
633,1270.0,NanoDevice,12862.32001542134,11236.614703723611,14412.433571463647,10034.567828608586
634,1122.0,UltraWidget,9245.009531436166,17755.653789495584,13675.175359324398,2820.2308553818043
635,1655.0,PowerGadget,5569.639513544098,8445.534730432017,2791.6536692818163,3402.1250899956885
636,1256.0,NanoDevice,19918.9128083291,8595.63617363667,7618.085391756255,10453.259355400469
637,1655.0,PowerGadget,12229.792802396089,10589.076553656196,2696.4409762296923,6062.348239857112
638,1420.0,PowerGadget,16340.063626611156,8455.142481535268,3659.671424155201,6524.391985207288
639,1258.0,PowerGadget,11784.710525770031,13415.102546223812,10800.173324651643,8328.492000782164
640,1947.0,PowerGadget,5647.554362944122,7017.351597432535,14695.652042620224,14721.519133171862
641,1046.0,PowerGadget,9644.0111762825,9802.793291060829,3913.4940495425217,14550.748869603236
642,1862.0,UltraWidget,9801.652115088516,18701.670477133848,8650.576810775692,7411.392991680977
643,1524.0,UltraWidget,17575.29356073524,11138.38220287694,15225.568338732146,5451.489823837668
644,1887.0,NanoDevice,14813.449669998115,16223.505747402638,13844.504066503705,5933.697984633505
645,1207.0,UltraWidget,9131.448554592092,6701.93287559861,9631.250919462798,5494.156876100853
646,1310.0,UltraWidget,19516.099319886293,8713.46762212677,13233.471582402284,8919.19549284315
647,1746.0,UltraWidget,9823.12748596807,17110.18431800553,9674.52096883688,9889.17750141207
648,1148.0,PowerGadget,19973.510387430804,16444.894044345412,,8354.132046985658
649,1833.0,PowerGadget,19942.455397553946,10792.338778907317,3983.7264190700116,7303.926709225981
650,1437.0,NanoDevice,7868.157766201127,19315.953530502113,4893.665718559098,4746.70548840919
651,1154.0,NanoDevice,,18659.645237518183,7218.185958009217,8272.572687967473
652,1677.0,NanoDevice,12290.662977269812,19434.511236683597,15506.56852773847,6434.335279431954
653,1089.0,PowerGadget,14961.510067218363,11418.720352816781,13635.401315246501,9040.741016378459
654,1697.0,UltraWidget,12920.71173505699,7962.103755285245,8389.062325536343,10777.462401651112
655,1829.0,UltraWidget,19541.622036983852,14399.879586370114,,10233.058267675937
656,1357.0,PowerGadget,15859.837463535372,15271.597374187977,5998.215244629733,8012.372735272714
657,1173.0,NanoDevice,8180.672740744616,6881.6267667578,12272.247277551462,9228.681515639491
658,1216.0,NanoDevice,6576.463253204574,16797.24551443859,13679.549101907145,5703.129702489876
659,1906.0,NanoDevice,15326.019360640352,5270.903296399408,5616.337148046346,2315.1233672910657
660,1455.0,PowerGadget,7376.786602711445,12240.92581215175,2798.049220146455,10125.252904185352
661,1775.0,NanoDevice,16815.15260503631,9965.243892423423,11121.611887230476,5283.39126878993
662,1608.0,NanoDevice,9665.550008905055,16104.545898486262,10243.923303635029,10696.39823088757
663,1628.0,PowerGadget,9903.398945834098,9691.410911327239,7950.475516912934,11711.11049476047
664,1198.0,UltraWidget,5161.975885842679,17402.10669171549,11407.683367356905,13907.060699349155
665,1831.0,PowerGadget,15515.16900642561,13924.302331712159,10073.770161187553,14455.596341234968
666,1485.0,PowerGadget,6699.046295970287,16908.40042643108,5783.316545296957,2136.8386020261187
667,1532.0,PowerGadget,16593.208661952773,19840.109567594358,7887.52435140493,14874.864721610285
668,1199.0,PowerGadget,12378.017328758102,15187.375186153353,8322.024047385557,10879.238140424093
669,1370.0,UltraWidget,16764.197224318537,19774.25474542466,14787.546321000562,10365.81408486446
670,1958.0,NanoDevice,13758.89808796612,5432.54490382558,15940.929404044122,2197.77023753962
671,1852.0,PowerGadget,6236.4990802848615,10072.099827257127,14969.919482269908,13196.034354527588
672,1447.0,UltraWidget,16484.785050577746,6617.798968434638,12484.24574394331,3891.388814221743
673,1247.0,NanoDevice,6046.992273421246,8934.573970766593,10565.396090563252,12885.292001129534
674,1787.0,NanoDevice,12180.525808539984,17583.318486886616,12056.441387163159,2202.313101363308
675,1263.0,NanoDevice,7585.2382121744495,5484.848979891354,15629.261856477453,10397.535412489096
676,1057.0,PowerGadget,16285.027669668274,12802.744035985907,5774.981913700794,7652.419939007761
677,1301.0,PowerGadget,18673.8684170919,13506.930612985594,9852.223259729692,4609.967477771357
678,1030.0,NanoDevice,13311.892450374115,13417.267200079341,12061.394671705833,3398.2980930156436
679,1497.0,NanoDevice,12907.209414487708,12129.456107348837,11913.232118937129,7721.660055102244
680,1248.0,NanoDevice,16459.44794488427,16859.04447154633,5807.589121948762,3602.975469178522
681,1604.0,NanoDevice,5076.182194635908,7003.146342583267,10590.260841673455,8323.805951983617
682,1776.0,NanoDevice,18766.37963952741,9658.655233261808,,10127.82176248708
683,1270.0,NanoDevice,7961.732256366976,14235.890801677591,8993.629414718487,12755.994516895656
684,1605.0,UltraWidget,19761.78325739356,15364.270494019338,13544.16249679191,
685,1665.0,NanoDevice,16043.809219406932,11062.226476655844,7346.321147890134,2847.5969671799558
686,1393.0,PowerGadget,16613.767215510066,18130.5689499085,15624.269818441753,5996.622923121884
687,1796.0,PowerGadget,14843.0447056041,11232.400950438714,9835.176699137144,5743.721903122505
688,1501.0,PowerGadget,12074.947741777403,11041.642015224998,10722.055696334386,13895.421505124095
689,1591.0,NanoDevice,13574.415400417482,5543.108922310775,2648.4704339056143,13281.166577105925
690,1803.0,PowerGadget,5696.043290226885,13267.120042921008,4634.848660938899,6811.92293855542
691,1083.0,UltraWidget,14359.392641480214,15630.212577678576,11250.954490735941,2925.018326473554
692,1364.0,NanoDevice,14391.471529805702,6716.572452752722,8204.14631648648,13623.395131461535
693,1885.0,PowerGadget,18368.011961027143,9581.491491318062,9466.7422035519,13546.469388534433
694,1548.0,UltraWidget,12584.845361453292,16718.85430674278,3100.4911448919165,13111.699716399426
695,,UltraWidget,6157.165611290915,10488.791531203631,14128.133909268498,12986.061290561522
696,1838.0,PowerGadget,9592.938807231218,8624.036930600598,13418.430112835907,8243.30201412001
697,1406.0,UltraWidget,14834.441181714761,15083.009953476683,4850.5618528224495,4306.611479244777
698,1424.0,PowerGadget,8588.882941271959,7951.381665074834,11270.909808780527,8207.344656011559
699,1743.0,UltraWidget,9207.917327831014,18434.793793747653,13901.907526656085,8429.771018703043
700,1092.0,NanoDevice,17307.0352454128,6583.975940392114,11364.21415074308,8369.11279218319
701,1847.0,NanoDevice,13764.795976440635,15598.247034242404,6638.692762730581,9004.04361949651
702,1613.0,NanoDevice,12627.911476603587,12493.230519295626,11582.389451837791,5349.541298885017
703,1411.0,NanoDevice,9776.779502087065,18048.943435954905,5209.602991869935,6761.135354736995
704,1431.0,NanoDevice,15963.9205389955,6892.926365393549,6751.046461095719,7644.425695525104
705,1677.0,PowerGadget,9315.77651735044,15168.423777441318,5632.996039432655,3704.575723714498
706,1158.0,NanoDevice,16055.952764662628,13580.819587720722,10164.028964179954,7919.733749299507
707,1013.0,NanoDevice,6051.52220401163,12201.352133600696,3747.641048747346,12536.105021904708
708,1372.0,NanoDevice,17968.120123731256,12371.108951490027,15546.338438981244,12764.774055527392
709,1224.0,NanoDevice,12493.496950638992,15829.654426977962,6969.226657378996,7350.329034713394
710,1504.0,UltraWidget,11577.62025048455,19066.124824022332,5331.272817612959,8744.508057096595
711,1072.0,NanoDevice,14165.351173128867,6368.774886785721,9300.662334506187,2437.454317755736
712,,NanoDevice,14362.881093444057,5292.539714157803,6161.06880390244,10767.62323409176
713,1510.0,PowerGadget,6980.527653349934,17085.57188721805,9849.128435271814,7259.87647830922
714,1602.0,UltraWidget,16343.503847243199,6622.54081326139,7183.680841883823,7791.209880083496
715,1215.0,PowerGadget,9138.924469250944,19800.451941206356,4088.5553939972838,13357.745453336942
716,1972.0,NanoDevice,18574.428202548712,14290.223734382558,6002.3019609898465,8003.847649287909
717,1601.0,PowerGadget,17267.759951222488,14762.99592881211,8469.689782949812,2275.499200962086
718,1540.0,PowerGadget,10193.990623021227,7983.375544070261,2633.1931386586466,4957.381581297811
719,,NanoDevice,17116.089398010718,8604.684654450117,13220.188136311099,8183.067986007367
720,1816.0,UltraWidget,10345.857489498563,14890.254546488752,11092.091273642945,7517.151805730965
721,1938.0,UltraWidget,6514.21522454061,18645.902569012957,10799.442384080467,13184.811784646248
722,1987.0,PowerGadget,19428.32358088562,19735.8583177635,10008.514025923552,9047.787620980167
723,1219.0,NanoDevice,14789.0302282316,7970.464199466405,10641.47836424848,10965.264644896573
724,1839.0,PowerGadget,11841.492899938876,7011.794340646853,15565.522923713255,8101.202861565112
725,1726.0,PowerGadget,10966.600272965596,5846.020366411857,2322.539714593592,7715.524542769144
726,1220.0,PowerGadget,9870.58001387396,18024.455272419917,2883.5358481058147,7801.726690166566
727,1388.0,NanoDevice,19721.71393143694,9420.722702847032,4938.355762010474,7341.980406019905
728,1553.0,NanoDevice,7021.208976963611,5027.180508038775,4592.409733902046,9001.584016104644
729,1646.0,UltraWidget,9722.075883808524,8357.271290846433,4791.080770409313,5255.764222796848
730,1041.0,NanoDevice,12282.464604239953,10106.616201491277,11808.7975676357,13583.717519943672
731,1675.0,PowerGadget,12169.99317581467,19864.79254245028,8770.611205017365,6330.112125220348
732,1872.0,PowerGadget,12070.49726611765,12853.123907856225,16382.437960186113,3917.8098443055087
733,1282.0,UltraWidget,7636.757237455728,8070.70921392652,5444.468581682112,3255.156221770687
734,1057.0,NanoDevice,7173.987906642508,10022.275170701767,6644.870444693173,2174.4978965616588
735,1813.0,PowerGadget,8821.513794929302,9954.615313353177,16274.642250263583,7497.129021369199
736,1833.0,UltraWidget,18717.89230703084,5295.886196947632,14094.141413472133,4438.942851090521
737,1536.0,UltraWidget,6695.794517517652,7027.745812571451,8918.128855703018,2281.422733634223
738,1072.0,PowerGadget,16361.376550599873,15427.946895548168,10130.735463307654,8760.254101763809
739,1884.0,PowerGadget,16363.22589700057,6803.764798561019,14257.44426533562,10839.7211324599
740,1922.0,NanoDevice,17146.556058458933,8461.014149091781,9078.017518462491,3114.7636618443566
741,1128.0,UltraWidget,18299.23233484033,10261.05947606463,5146.139247223806,7991.970047955575
742,1598.0,PowerGadget,8945.542663083954,16366.024167534406,14046.756901327713,11667.172821809707
743,1841.0,UltraWidget,8368.392039033446,13736.014473019097,9890.146625241703,14815.488673109527
744,1425.0,NanoDevice,11982.584997912196,15334.999774828524,4388.5091394426445,
745,1947.0,PowerGadget,8976.337531280542,13505.184881302583,9429.877385936887,5182.914160523767
746,1664.0,NanoDevice,16014.649834746613,15253.886378328036,8108.808342535081,11315.197317126995
747,1693.0,UltraWidget,14539.093651121504,5042.632304959587,14738.84820590914,9773.082548657789
748,1124.0,NanoDevice,18124.81532078977,18963.472165571442,4002.592668458059,4753.39075156012
749,1066.0,NanoDevice,6241.074552306073,6663.803463122098,14715.500203606767,13064.44073601821
750,1005.0,UltraWidget,18726.25000037112,11093.736439653572,9524.617540387073,7556.2575539588115
751,1636.0,NanoDevice,9400.229400051343,16565.57555367282,7982.411348730412,14505.709511543637
752,1313.0,UltraWidget,12360.41518890476,11528.460770141359,4516.130736962047,11397.713096821113
753,1325.0,PowerGadget,11579.171539094656,19202.638275012738,12221.696865733116,10379.321010213687
754,1564.0,UltraWidget,16404.674766566357,12013.8342274815,15453.33594027358,11468.586887195304
755,1577.0,UltraWidget,11304.999641477638,18124.09108404007,7567.896160760274,8215.26124463688
756,1825.0,PowerGadget,19153.29718474114,17162.42170043406,5654.665509592919,8567.944211421762
757,1505.0,UltraWidget,,19714.79454198025,10134.596913087946,13065.696010781672
758,1081.0,PowerGadget,18082.4172795426,18898.21671126463,13585.459062604346,10852.070976365538
759,1598.0,PowerGadget,6068.874989723418,18471.85752069318,2253.878032072623,13664.163227491343
760,1001.0,UltraWidget,,15974.065107792025,11228.697340454639,13580.747796465492
761,1203.0,NanoDevice,16724.531681648157,10504.972209023312,10730.178809990422,14694.370442575238
762,1661.0,NanoDevice,6552.694205091965,6591.881278473536,6749.576256999489,11102.790564989344
763,1804.0,PowerGadget,6611.214881543328,15329.67578396585,8655.348951551077,8529.922329602647
764,1403.0,NanoDevice,6517.457172763117,19679.811220069474,5731.57410551404,4162.052102718071
765,1102.0,NanoDevice,5169.988898067313,15899.066559978035,13495.366052711353,11169.947275416425
766,1535.0,UltraWidget,13229.514577918753,18930.94053916003,11273.849547135342,5790.5103178791
767,1367.0,PowerGadget,19600.91437154065,17064.570694332753,9817.776195157488,5678.3183844853065
768,1211.0,PowerGadget,11580.270543496903,7446.720126750181,7813.12463737493,5097.741093824885
769,1576.0,UltraWidget,13111.362528310347,8738.05655886931,6366.79672009647,13376.586745568853
770,1960.0,NanoDevice,19519.54695154933,10127.984026435255,13965.13175042107,13283.537806868057
771,1208.0,PowerGadget,8827.73343161346,7523.906665070062,8655.129687200038,10202.615783310755
772,1762.0,NanoDevice,17877.053788973943,13724.769990095101,9370.698103735922,8148.752757819566
773,1896.0,PowerGadget,13195.857008176043,19631.75786202427,9647.850846732605,10737.487981284388
774,1116.0,PowerGadget,13542.147719945162,16421.88250154238,8611.647176671544,9893.982853879079
775,1627.0,PowerGadget,10147.607858109253,11350.801236011928,5862.06449520946,7404.545228204035
776,1748.0,PowerGadget,13423.765414503621,5067.56721470433,3920.868295475644,6935.2012773132465
777,1477.0,NanoDevice,6097.137642174259,9699.140167072681,3609.082920498692,6976.326005889553
778,1104.0,NanoDevice,16469.65358921168,12901.389315383229,13031.714083771849,9658.734241028498
779,1494.0,NanoDevice,9270.316423164075,9863.76310777956,5396.4478589116125,10419.701629570736
780,1770.0,NanoDevice,18314.124942409326,6665.523845357893,2996.1212538418513,7872.642795700746
781,1045.0,UltraWidget,10517.760419111877,11641.474352928417,13604.498915751172,14592.98885276956
782,1822.0,PowerGadget,7142.36165730324,8798.792254485743,4403.081635907267,3089.9943340582536
783,1330.0,,15438.223615527275,18638.48564692252,11139.589111786961,6511.611337399101
784,1215.0,PowerGadget,7468.672170702543,6526.317927515236,7042.598781704445,7447.970880630733
785,1981.0,UltraWidget,16305.207733144856,5737.289430870655,4008.667670685726,2219.9774650442605
786,1959.0,NanoDevice,19521.68354609175,5079.712537322931,8127.078003337348,6744.443439686927
787,1491.0,PowerGadget,16693.293031928926,9921.045267284866,2411.76671419654,5558.228923246953
788,1812.0,NanoDevice,5336.73872646987,14905.802573013329,14226.943249929613,8578.47151295725
789,1921.0,NanoDevice,13998.28682079162,15956.20629322689,9543.020847188558,6373.3371133825
790,1844.0,UltraWidget,15431.160064545864,11798.925250725846,4189.988155983854,11440.367754303996
791,1448.0,UltraWidget,17381.87488694428,15264.929756829,5588.818552962482,8629.12244029943
792,1535.0,NanoDevice,5840.034634085003,10398.710543230452,8606.04524758093,3686.9090354514365
793,1510.0,PowerGadget,12201.617419284295,,4900.832174262347,11750.797213876514
794,1457.0,PowerGadget,13030.563089575915,,6040.96800946553,3289.975649074796
795,1546.0,UltraWidget,7536.87293966267,10861.294768505062,9841.713568564264,12907.639185031645
796,1535.0,UltraWidget,9836.747145659745,16862.745164497686,14106.308886448915,14108.488523120852
797,1539.0,UltraWidget,11603.325893842477,17045.09045688502,7946.307505365868,6191.788772403101
798,1483.0,UltraWidget,17498.145319367024,15742.23168313542,12452.746411815742,14039.854232418102
799,1975.0,UltraWidget,18941.113491053104,8063.579308547966,14736.584252487275,12309.106068592999
800,1999.0,UltraWidget,14426.342433765092,,5293.103446235117,13991.662943049008
801,1015.0,UltraWidget,10924.177790321932,19941.330908967684,13742.84517675089,10661.51177997102
802,1570.0,PowerGadget,8810.46526698479,6550.670108029399,13030.851436133693,5063.372512478484
803,1976.0,UltraWidget,19732.027766542255,7709.94048353614,7304.203360658331,13628.802079842644
804,1242.0,UltraWidget,19745.299971145374,6950.393834751989,16350.135420862402,4395.445990219669
805,1949.0,PowerGadget,18874.65422352552,9914.824455254235,5954.784911534185,4769.787163227962
806,1206.0,PowerGadget,16785.03724816729,8152.637528508851,5843.686704253248,5523.818871824728
807,1911.0,NanoDevice,9886.693156184274,12465.319393216581,13243.30605454073,
808,1270.0,UltraWidget,17255.00725246446,12140.310603201799,8415.599648130505,8688.235347703398
809,1760.0,UltraWidget,11131.895259067587,18522.584291769548,6930.368425368919,11274.945685642573
810,1993.0,UltraWidget,9901.596472325677,5521.0992116717225,4754.878116349172,14040.706267208889
811,1778.0,UltraWidget,16172.980376994194,9798.19365001645,13144.253762363982,3149.688635361532
812,1704.0,NanoDevice,6194.8089143063435,13949.868379956353,13444.401827745902,14406.801708967067
813,1846.0,PowerGadget,5728.440849434925,14072.026427659457,10301.86524619101,13977.198572258574
814,1729.0,PowerGadget,11719.305457717785,12201.893435213138,15889.584668636635,2701.9907983535063
815,1114.0,UltraWidget,11684.582012332428,17234.983112219506,6749.734767043956,6684.174789990315
816,1579.0,UltraWidget,18434.662295957525,5940.832571216882,5340.552350354522,12570.864073891375
817,1298.0,UltraWidget,6892.296444317251,17232.316483702038,11887.774795762807,9950.495091232215
818,1836.0,NanoDevice,6849.258911786192,12421.313606535554,13045.243563435779,
819,1482.0,NanoDevice,7211.789007123518,7006.410426155033,5416.1553788910605,11347.433404268537
820,1396.0,PowerGadget,5446.043919419039,18285.528703107164,3295.53392893392,8458.011470653128
821,,UltraWidget,6075.976067223626,14738.431693114451,,2535.834597372094
822,1074.0,UltraWidget,14898.048002435586,7453.18530236209,16163.97822313798,9595.486626838512
823,1977.0,UltraWidget,11473.764936762638,5504.7458509854,11418.813690833667,2631.3664897708477
824,1481.0,UltraWidget,16454.046006320204,7116.644724989739,6173.496672057687,9848.447327956701
825,1102.0,NanoDevice,19888.9657787249,14131.969402705903,16452.418302304926,12405.341212417818
826,1296.0,PowerGadget,14885.52021648502,7689.443528900727,14973.71289861921,9604.892733124942
827,1177.0,PowerGadget,5756.833559301856,8386.44612312542,9541.343241808205,14961.283459302062
828,1214.0,NanoDevice,6568.442971315122,5377.095886344713,14002.094373238226,7926.26450234563
829,1966.0,UltraWidget,,15843.960083579055,13866.233482660427,11734.757026851838
830,1314.0,PowerGadget,12912.439168373923,17155.465996391555,15567.625266331044,10673.772792644797
831,1038.0,PowerGadget,17372.557390936097,16952.722651581847,14225.210965960481,14888.611990255144
832,1258.0,NanoDevice,17849.18504337389,6913.522270464264,11404.613074187453,11271.847066002367
833,1715.0,UltraWidget,18915.118122492786,18549.51691083139,10913.043181078056,4132.399508972062
834,1006.0,PowerGadget,19247.438082295484,15084.1824421112,8883.209223142048,14421.730183424132
835,1048.0,UltraWidget,,18462.929335652967,11158.74465158183,10681.103943794897
836,1537.0,PowerGadget,10115.302583840508,11707.407567959954,13571.597187384476,2771.3970004830685
837,1160.0,NanoDevice,19427.97311521998,11554.322916255467,16057.238056126513,10548.387975199961
838,1868.0,UltraWidget,13211.096090018378,16768.04778027343,8882.209222004318,13480.552286772076
839,1175.0,NanoDevice,5963.790844319165,6399.467832151153,10403.240802739227,
840,1590.0,PowerGadget,14641.648250897975,12813.110549523286,8560.718579340579,6602.255294416145
841,1001.0,NanoDevice,13815.271255925161,17545.763534468384,11759.387280062678,12671.825242918008
842,1894.0,NanoDevice,18436.89309342059,17452.88844604357,11207.86320807601,12172.656106675782
843,1454.0,NanoDevice,14797.807837367187,19341.992845135537,2455.0231997688134,9074.36800500691
844,1927.0,PowerGadget,10235.786366923272,15474.088902958198,9938.610295139417,4006.7030086467043
845,1643.0,UltraWidget,19493.385885587304,8116.559441595926,3465.362608495901,5262.824311801358
846,1275.0,NanoDevice,17024.292289730503,5304.204723418712,2577.285737479199,11600.291638419374
847,1497.0,UltraWidget,14456.264275720316,12191.236979406529,13514.119417811185,12479.068150134057
848,1628.0,PowerGadget,9393.878051046842,12705.557984338333,5898.693028877998,5630.4486145328665
849,1675.0,UltraWidget,10603.104444714434,8603.93876748397,7071.36760520838,6783.806003428226
850,1799.0,NanoDevice,15049.54886144985,6870.461706854048,3116.409602738147,3009.214508247337
851,1027.0,NanoDevice,6079.7122769498255,13793.122492857634,4766.853725069215,11275.005328764497
852,1332.0,NanoDevice,8850.208874753953,16463.835110362117,13148.148901086433,2046.5080798004076
853,1000.0,NanoDevice,15708.51400094897,19897.311553852407,9257.49087232648,2605.039775847885
854,1187.0,NanoDevice,12200.277647669314,16374.539258157778,14793.559014467122,2056.4728811931686
855,1055.0,NanoDevice,11035.90347221645,16904.486213833712,7880.562479975744,10389.154583389018
856,1546.0,PowerGadget,7271.864336006218,14246.913173431962,6042.420521286036,7426.032660107105
857,1111.0,PowerGadget,11627.73551716599,19788.839884550267,7170.67734675871,5868.107897463293
858,1797.0,PowerGadget,16560.379561403508,14599.345776718555,12392.636647291734,13865.113134642435
859,1309.0,UltraWidget,8960.192691078395,17903.799295995566,10136.58111438315,4506.4363307958865
860,1035.0,UltraWidget,5080.978132755161,19186.769693614333,15129.93426799972,7061.784134958208
861,1438.0,PowerGadget,15027.573517264742,18947.877507508412,10811.013402261033,14224.053412060772
862,1728.0,UltraWidget,19589.399066488288,10721.230156750347,9250.160381285497,7552.385316881551
863,1591.0,UltraWidget,,6179.93087471388,13436.26395158028,9211.017913411752
864,1825.0,NanoDevice,6798.827883906952,7578.105538088703,15749.734065488266,3044.3792654033386
865,1594.0,NanoDevice,9810.996385170096,5888.349580949112,7288.59653080308,12272.16302961501
866,1576.0,UltraWidget,18014.62422080335,6580.9540224371,5773.229805366331,7495.864102147096
867,1324.0,UltraWidget,8488.521113852428,7769.768688405465,11011.908767006193,12406.696619780285
868,,PowerGadget,14115.43855246412,10116.414748811027,9333.881342500497,5299.369353227898
869,1306.0,UltraWidget,11040.068123809968,13153.094698626137,16345.353720566403,7492.22375729833
870,1533.0,NanoDevice,8117.655821294735,15675.23089032629,8811.773513312588,12225.136172745135
871,1727.0,UltraWidget,17201.103403470195,8163.910041597679,3262.9411844529463,14660.410971567317
872,1618.0,PowerGadget,16142.469146985353,15087.836063572091,16176.377569120194,2775.1318170344953
873,1108.0,NanoDevice,14923.865989388982,15563.886117536294,14263.293321987625,12561.930306445756
874,1371.0,,8545.048854031269,13379.335052992841,4748.977058598876,5908.957879152433
875,1356.0,NanoDevice,6467.85504074675,18554.26804698066,15135.855119514032,9159.662651583938
876,1180.0,NanoDevice,13642.389947389493,6664.92220882716,7071.535537750948,5771.199444359723
877,1355.0,UltraWidget,13305.1675030915,7656.821864036292,7592.7013788425575,9974.791143383873
878,1675.0,PowerGadget,7825.775140023095,11429.972365842274,15161.398197778879,6599.436798371682
879,1067.0,UltraWidget,5843.7004147275875,6900.691028513583,9780.65258000501,6336.99358270986
880,1291.0,UltraWidget,6210.62681290979,13494.442155861312,4170.009890398831,2493.1980681671616
881,1691.0,NanoDevice,19891.564797691004,10976.006999141366,7477.503078587798,3910.48527674955
882,1180.0,PowerGadget,16753.758421143255,9268.936918038777,12525.993481630696,13922.016585251224
883,1465.0,NanoDevice,18829.812139477588,7549.84719526456,4690.8338893726395,14977.606575352202
884,1433.0,UltraWidget,7925.82083354545,10030.073575223156,10640.30612291093,12146.767486304883
885,1463.0,UltraWidget,19408.528044851526,14119.390262485129,12142.420101105161,5728.564122055328
886,1680.0,NanoDevice,7139.815272097431,13636.778163341174,7117.106130258885,7231.786799766703
887,1913.0,UltraWidget,12636.227428497066,7454.360003153508,12122.49384852901,11613.544913779075
888,1533.0,UltraWidget,17445.43526625596,6873.797161109501,14844.165131159258,14590.676239481574
889,1065.0,NanoDevice,10247.050317673691,5400.1514391330875,8951.269442535346,7921.125219481779
890,1020.0,UltraWidget,11372.427997653507,5186.383906908984,7675.603392970936,12783.79139874887
891,1611.0,PowerGadget,6922.776654486468,18197.15653579528,5791.565139423486,14675.89599378332
892,1383.0,NanoDevice,6843.828199984591,5676.332840080849,10840.13836204525,13355.151223728057
893,1811.0,PowerGadget,14293.523371679894,15968.316648098695,14781.88428695364,4952.94670802725
894,1614.0,UltraWidget,15132.985529300851,18079.776443674353,6842.6561207482755,2104.414230383098
895,1558.0,UltraWidget,16659.987711232898,6470.867728436864,7866.168000883441,
896,1038.0,NanoDevice,13350.230790226304,11544.521357495265,8014.74490096477,8907.690812038469
897,1284.0,UltraWidget,14686.389383919588,19434.54474761415,10219.616487418496,4616.254739165205
898,1821.0,NanoDevice,5202.759075495801,17512.079907853775,5466.248150414373,
899,1601.0,NanoDevice,7432.560907057821,12345.560477867824,13957.619520900173,11946.99109103111
900,1596.0,NanoDevice,19773.72149025357,16438.566691873293,6427.1125683103655,8114.514363270739
901,1784.0,NanoDevice,6139.902594737477,17500.664366474957,12286.686479822552,6125.603086803336
902,1335.0,NanoDevice,15181.823333903674,10220.40444783079,9538.985107447594,10094.138355704952
903,1187.0,,7641.239495475744,18382.293753049413,10578.335727944424,10485.87682768963
904,1670.0,NanoDevice,15750.77878651463,12057.099795157352,4768.404965230431,12002.145098930429
905,1242.0,PowerGadget,15589.856044429902,12917.11045338245,12710.83173394784,4037.220844917949
906,1072.0,UltraWidget,8512.985896821352,19995.614567327466,4897.273422309626,11639.724280250874
907,1478.0,NanoDevice,9044.515988288062,17649.544492282417,3822.6730180723794,9792.56909743544
908,1973.0,UltraWidget,14821.560704031324,10426.5500865947,10017.516848409656,2748.4342489363626
909,1560.0,NanoDevice,10851.290581703204,5155.183947090499,12342.949057922615,12106.793167294345
910,1100.0,PowerGadget,7918.219545498669,14392.61110690842,2915.512461017022,6980.0436573314055
911,1513.0,PowerGadget,15975.193981812226,15558.701391921617,3192.353003649752,6294.952146285288
912,1755.0,PowerGadget,7312.212865045012,14762.040352150694,13678.312026694643,7824.976970561247
913,1175.0,UltraWidget,17834.6549621742,19517.935267448196,13769.167602954849,6500.276004979678
914,1237.0,NanoDevice,12720.042860777412,17944.565409982162,5707.857453944861,6397.7126987288175
915,1909.0,UltraWidget,6585.50905818951,11732.475397709728,10997.76330004291,12505.00968010813
916,1058.0,PowerGadget,15411.085002964766,5942.862312085715,8537.475074568632,3618.5683067539994
917,1864.0,UltraWidget,12787.445593618108,12140.881542529954,11247.553392070236,14617.800882146961
918,1098.0,PowerGadget,9470.863576922144,15338.660299430347,14539.17376261892,9214.111376866462
919,1953.0,PowerGadget,11338.090703357822,14115.64712340507,3341.9468715262683,4378.011979477067
920,1870.0,PowerGadget,9475.06615381248,13072.056015663273,13325.177291634896,3705.8012781119246
921,1953.0,NanoDevice,8945.387536141761,12032.284370228619,9250.316194650864,9689.623917754772
922,1494.0,NanoDevice,7454.126312655682,9406.428095410794,10267.015295796551,10228.992770010063
923,1946.0,PowerGadget,10441.506997062137,9160.20142586944,,2689.33502338754
924,1979.0,UltraWidget,8764.808094741062,12503.472183887028,15393.511032546236,5159.024883674216
925,1513.0,UltraWidget,15251.517305808757,7409.047196444735,3011.095335789852,12341.004975879076
926,1754.0,NanoDevice,15258.151117449595,10110.281353622024,2621.5118353796015,2645.1201606658315
927,1296.0,PowerGadget,12527.603638334576,9859.689120651494,4749.143475289461,13116.15263077847
928,1210.0,UltraWidget,16669.167912054814,13806.992023763014,16306.202482182334,10556.112194842335
929,1122.0,PowerGadget,17620.09578509072,6000.234505445369,12425.592053502192,7647.502371721663
930,1228.0,UltraWidget,13696.496861514097,17445.03020397643,10989.368002479378,6503.627036621906
931,1593.0,NanoDevice,14284.027441451506,13435.675705766032,2872.6584638308955,2250.2365300356214
932,1655.0,PowerGadget,9243.288646795478,15062.40021163903,14771.276201669398,
933,1387.0,PowerGadget,18423.038010582797,15546.408556391492,13822.423002149382,3855.384101590995
934,1139.0,UltraWidget,5363.090666337947,9372.262052638047,11706.640627299315,6024.0458942071455
935,1540.0,UltraWidget,10229.037041642685,12055.573510772998,7049.570661431249,9398.39074471645
936,1390.0,UltraWidget,15827.00632324784,19343.689338045006,3208.2208646260797,5197.903800926305
937,1269.0,PowerGadget,6201.342645067419,16500.578569952224,10494.550376983192,8462.826028778618
938,1758.0,NanoDevice,7747.542911424389,19543.35312834778,12491.632371889977,12521.45677360313
939,1011.0,NanoDevice,13839.285917942767,16193.815177194325,3547.6370118246386,8116.993152273573
940,1866.0,UltraWidget,13399.90507195337,7634.00209562776,11262.877535118492,14336.705473554748
941,1388.0,,16083.924441964326,5968.038257670143,6295.0347707863675,13017.508064892441
942,1336.0,UltraWidget,17189.18958632258,13664.921550794954,13128.692363443308,6329.510059724124
943,1505.0,NanoDevice,6928.693677675037,10367.199195539142,9916.50666360627,7199.507619591191
944,1105.0,PowerGadget,5275.714846628631,9131.868652072553,4045.2260656892454,7503.247451292853
945,1031.0,UltraWidget,15344.577794883591,17108.164946381265,9729.228102585274,10140.332888018691
946,1073.0,NanoDevice,9520.876936495388,10504.89900622921,7859.037146144077,5728.344479451018
947,1170.0,PowerGadget,14389.758708769305,9755.014546014558,4779.0903464276225,14600.238804692612
948,1848.0,NanoDevice,7258.168820933371,17749.813897535154,14233.674854088362,9912.894867845513
949,1068.0,PowerGadget,12035.600699989443,17694.3100472969,2357.706813537648,7192.221563634736
950,1812.0,PowerGadget,12566.371190951553,10345.499566325849,6663.434359356916,10385.127601390375
951,,NanoDevice,13776.16724559824,17487.480514789495,2380.1090458228027,7140.2651368862
952,1648.0,NanoDevice,12697.550244958466,17761.677354989908,3572.8993350379837,12631.343852732445
953,1432.0,PowerGadget,12435.361553430708,11358.958025444994,6448.47593417506,9381.932487172377
954,1928.0,PowerGadget,9991.012309757833,5997.096953137573,2976.0779510680427,2545.616544278871
955,1995.0,PowerGadget,6067.703544771293,5023.769666995102,10731.81661270712,4297.83927650499
956,1099.0,UltraWidget,6342.802951952634,12849.386943334925,3442.1395842024144,13244.92164938395
957,1657.0,PowerGadget,11506.674116107304,10161.132400555336,12234.504967145163,9317.69774263827
958,1008.0,UltraWidget,10336.896917314894,19956.97841237549,2952.7822105684045,14354.465194680766
959,1573.0,PowerGadget,12742.022070117466,16586.164994409264,3048.1171956556846,2941.4900671889022
960,1696.0,UltraWidget,9572.572538844004,16419.13184525619,6566.160356175709,5838.388191117661
961,1028.0,PowerGadget,15318.651371829865,19328.641524310155,15020.972807060669,4516.063852114444
962,1892.0,PowerGadget,17959.32233014266,18315.865968399812,11371.923456743427,9199.92379897357
963,1113.0,PowerGadget,9482.947831803016,9772.812191845831,13212.877474583549,6976.306804038822
964,1461.0,NanoDevice,7894.760119085429,7489.808324058145,4224.195165522618,4044.555942993112
965,1920.0,NanoDevice,6742.708613811337,16188.383975982233,14127.993695435616,10355.77488147411
966,1142.0,PowerGadget,14243.810608562188,10674.108405243096,2316.4913491775633,8971.878755363425
967,1389.0,UltraWidget,11657.839867108542,12097.589774464348,5246.720115481988,5571.571266851913
968,1631.0,UltraWidget,7820.235757944334,14455.965969122404,11010.120192444907,8237.02765117091
969,1681.0,PowerGadget,14797.05099937783,18618.09015402861,7566.023642894921,11694.598095535463
970,1156.0,NanoDevice,7227.247745079267,11286.316305064489,16273.96550157546,4668.531769158561
971,1334.0,UltraWidget,13314.510587719287,16749.75335329042,2633.851229501951,5807.7747071224785
972,1860.0,NanoDevice,12907.22572437897,9025.096869119861,16479.953801492567,6499.442832223497
973,1259.0,UltraWidget,16013.41701779125,15469.576863854205,11117.878009916822,11707.44368361341
974,1081.0,PowerGadget,5826.644599110001,5023.691316168678,10189.510022724182,13009.99379416179
975,1753.0,NanoDevice,18318.093977769953,18072.608202359523,3051.027928664834,6893.0504537409415
976,1440.0,UltraWidget,15544.875892202292,5455.693699316937,6108.602936322237,5856.0712038409365
977,1944.0,PowerGadget,8241.889975231434,15691.306321438762,15422.67644256982,13562.807858571803
978,1171.0,PowerGadget,7751.080229146095,5693.872838919258,7265.717845606194,14991.744118504823
979,1230.0,PowerGadget,11474.90321215675,8993.685490910051,11661.640766681689,10714.597315603387
980,1719.0,NanoDevice,17263.479943168953,12458.036053348296,16492.797810987722,14869.74799485935
981,1074.0,NanoDevice,17644.249897086607,11299.080280223574,,10579.56161142483
982,1269.0,PowerGadget,12806.841382090744,7877.541719015158,10437.956569907263,11534.983536101725
983,1898.0,NanoDevice,17912.16294030106,10007.223675638561,12159.06043564165,7052.528020065677
984,1625.0,UltraWidget,5081.6556378753585,15915.595550914506,4554.169625885437,7628.578110987695
985,1061.0,PowerGadget,5527.619472973949,15038.856388694725,4326.017660855405,3873.763631862137
986,1873.0,PowerGadget,18677.323904551144,6077.218756458736,8725.203136711878,12695.750191946601
987,1319.0,NanoDevice,16629.978948288743,16209.737383593296,7717.119061157839,14103.767401533602
988,1101.0,PowerGadget,11760.590873755784,5795.688217955425,12413.280747059587,10104.695738023456
989,1428.0,UltraWidget,16304.151972169808,13143.895836496766,3193.9754317147836,6467.41500979018
990,1873.0,NanoDevice,19334.591925851324,8900.94122063286,16101.982719491874,4002.212229866762
991,1721.0,NanoDevice,16581.342858219276,13815.351913397282,2404.160838107403,5447.030986169095
992,1953.0,PowerGadget,17635.57000727483,8919.925939113527,10798.830588006962,5320.335471073962
993,1254.0,PowerGadget,16409.098720850925,19774.369544387468,10245.646120903655,9975.86249412645
994,1531.0,PowerGadget,7523.166386503124,9645.922755912978,4126.434951437079,14285.487049726858
995,1569.0,NanoDevice,17503.61164468605,8629.40953511744,4358.098552803477,2627.534530453759
996,1111.0,PowerGadget,7926.6323003631505,9176.97936373019,13535.288075463164,2013.289894727824
997,1984.0,UltraWidget,18389.169920662207,18447.09285888943,14892.14315530137,9802.365276086231
998,1312.0,PowerGadget,11879.748471216139,14543.282430040172,6247.142612137905,5692.7860070362985
999,1997.0,PowerGadget,15154.651284665428,15960.261461311648,8462.884684664728,13447.12845040644
